Player,Runs,Average Runs,Strike Rate,Centuries,Half Centuries,Highest Run,No. of Balls,Average Balls Faced
AB de Villiers,1207.0,54.86,98.12,4,10,162.0,1029.0,47
Aamer Sohail,598.0,37.38,58.75,2,6,114.0,847.0,53
Aaqib Javed,8.0,2.67,24.36,0,0,6.0,43.0,15
Aaron Finch,787.0,43.72,88.29,3,7,153.0,801.0,45
Aashish Kapoor,0.0,0.0,0.0,0,0,0.0,1.0,1
Aasif Karim,79.0,7.9,38.16,0,0,22.0,148.0,15
Abdool Samad,72.0,18.0,54.6,0,0,36.0,133.0,34
Abdul Qadir,118.0,13.11,90.22,0,0,41.0,148.0,17
Abdul Razzaq,373.0,19.63,66.94,0,2,62.0,665.0,35
Abdullah Shafique,336.0,42.0,71.4,1,4,113.0,360.0,45
Abdur Razzak,44.0,4.0,35.7,0,0,15.0,88.0,8
Abdur Rehman,6.0,3.0,88.33,0,0,5.0,13.0,7
Adam Dale,3.0,3.0,60.0,0,0,3.0,5.0,5
Adam Gilchrist,1085.0,35.0,84.49,1,9,149.0,1107.0,36
Adam Hollioake,6.0,6.0,46.15,0,0,6.0,13.0,13
Adam Huckle,0.0,0.0,0.0,0,0,0.0,2.0,1
Adam Milne,1.0,0.5,16.66,0,0,1.0,5.0,3
Adam Parore,206.0,18.73,76.63,0,1,55.0,242.0,22
Adam Zampa,49.0,6.12,60.59,0,0,29.0,63.0,8
Adeel Raja,10.0,2.0,19.43,0,0,8.0,34.0,7
Adil Rashid,137.0,9.79,86.29,0,0,25.0,129.0,10
Adrian Kuiper,113.0,14.12,82.89,0,0,36.0,158.0,20
Afsar Zazai,36.0,6.0,22.97,0,0,19.0,99.0,17
Aftab Ahmed,128.0,14.22,102.34,0,0,35.0,151.0,17
Aftab Alam,28.0,7.0,64.16,0,0,14.0,24.0,6
Ahmed Shehzad,271.0,22.58,49.97,0,2,93.0,404.0,34
Aiden Markram,546.0,34.12,121.37,1,4,106.0,552.0,35
Ajantha Mendis,0.0,0.0,0.0,0,0,0.0,2.0,2
Ajay Jadeja,522.0,29.0,73.84,1,3,100.0,727.0,41
Ajinkya Rahane,208.0,29.71,69.41,0,1,79.0,252.0,36
Ajit Agarkar,11.0,3.67,20.0,0,0,10.0,32.0,11
Ajit de Silva,2.0,1.0,9.09,0,0,2.0,23.0,12
Ajmal Shahzad,7.0,3.5,166.66,0,0,6.0,5.0,3
Akram Khan,119.0,17.0,34.39,0,0,44.0,237.0,34
Al Sahariar,38.0,7.6,55.86,0,0,14.0,69.0,14
Alan Hurst,6.0,3.0,90.0,0,0,3.0,12.0,6
Alan Knott,18.0,9.0,47.37,0,0,18.0,24.0,12
Alan Mullally,1.0,0.5,8.33,0,0,1.0,8.0,4
Alan Turner,161.0,40.25,62.11,1,1,101.0,205.0,52
Alasdair Evans,38.0,9.5,38.92,0,0,28.0,57.0,15
Alec Davies,83.0,16.6,47.96,0,0,32.0,154.0,31
Alec Stewart,606.0,27.55,53.08,0,4,88.0,985.0,45
Alex Carey,375.0,37.5,103.33,0,3,85.0,362.0,37
Alex Cusack,99.0,12.38,74.91,0,0,47.0,127.0,16
Alex Hales,64.0,32.0,95.77,0,0,37.0,67.0,34
Alex Obanda,43.0,14.33,78.48,0,0,23.0,65.0,22
Alexei Kervezee,98.0,12.25,52.51,0,0,18.0,180.0,23
Ali Shah,266.0,16.62,39.63,0,1,60.0,585.0,37
Alistair Campbell,281.0,15.61,43.5,0,1,75.0,528.0,30
Allan Border,452.0,18.83,63.6,0,1,67.0,640.0,27
Allan Donald,13.0,2.6,21.53,0,0,7.0,40.0,8
Allan Lamb,656.0,38.59,79.91,1,4,102.0,780.0,46
Alok Kapali,80.0,16.0,56.73,0,0,32.0,126.0,26
Alpesh Vadher,141.0,28.2,44.11,0,2,73.0,244.0,49
Alvin Kallicharran,239.0,34.14,63.86,0,2,78.0,336.0,48
Aminul Islam,45.0,9.0,29.19,0,0,15.0,122.0,25
Amjad Ali,96.0,16.0,44.86,0,0,45.0,185.0,31
Amjad Javed,170.0,28.33,99.06,0,1,56.0,195.0,33
Anamul Haque,58.0,29.0,60.08,0,0,29.0,98.0,49
Anderson Cummins,21.0,5.25,55.21,0,0,9.0,45.0,12
Andile Phehlukwayo,172.0,21.5,86.97,0,0,46.0,193.0,25
Andre Adams,90.0,18.0,86.53,0,0,36.0,76.0,16
Andre Botha,84.0,9.33,37.95,0,0,28.0,174.0,20
Andre Nel,9.0,4.5,19.76,0,0,8.0,46.0,23
Andre Russell,192.0,16.0,109.75,0,0,49.0,143.0,12
Andrew Flintoff,263.0,18.79,51.77,0,1,64.0,387.0,28
Andrew Hall,50.0,10.0,80.83,0,0,22.0,49.0,10
Andrew Hilditch,143.0,47.67,59.77,0,1,72.0,267.0,89
Andrew Hudson,571.0,47.58,71.16,1,5,161.0,738.0,62
Andrew Jones,416.0,32.0,53.34,0,4,78.0,673.0,52
Andrew Strauss,417.0,37.91,66.35,1,2,158.0,483.0,44
Andrew Symonds,515.0,39.62,93.03,1,4,143.0,552.0,43
Andrew White,143.0,14.3,67.93,0,0,38.0,210.0,21
Andrew Zesers,10.0,5.0,142.42,0,0,8.0,14.0,7
Andri Berenger,53.0,8.83,49.46,0,0,22.0,111.0,19
Andy Balbirnie,236.0,39.33,87.94,0,2,97.0,260.0,44
Andy Bichel,117.0,39.0,87.34,0,1,64.0,140.0,47
Andy Blignaut,123.0,20.5,89.25,0,2,58.0,89.0,15
Andy Caddick,25.0,6.25,94.29,0,0,13.0,57.0,15
Andy Flower,815.0,28.1,57.38,1,5,115.0,1195.0,42
Andy McBrine,2.0,2.0,50.0,0,0,2.0,4.0,4
Andy McKay,0.0,0.0,0.0,0,0,0.0,2.0,2
Andy Pycroft,295.0,15.53,42.92,0,2,61.0,560.0,30
Andy Roberts,85.0,10.62,58.02,0,0,37.0,157.0,20
Andy Waller,479.0,23.95,76.99,0,2,83.0,664.0,34
Andy Whittall,3.0,3.0,50.0,0,0,3.0,6.0,6
Angelo Mathews,584.0,27.81,75.32,1,3,113.0,699.0,34
Angus Fraser,18.0,9.0,52.45,0,0,15.0,35.0,18
Anil Kumble,62.0,7.75,79.95,0,0,17.0,88.0,11
Anura Ranasinghe,23.0,7.67,38.97,0,0,14.0,43.0,15
Anura Tennekoon,137.0,34.25,53.09,0,1,59.0,207.0,52
Arafat Sunny,3.0,3.0,100.0,0,0,3.0,3.0,3
Aravinda de Silva,1064.0,33.25,72.82,2,8,145.0,1229.0,39
Arjuna Ranatunga,969.0,33.41,73.38,0,7,88.0,1197.0,42
Arshad Laeeq,66.0,16.5,35.17,0,0,43.0,140.0,35
Aryan Dutt,70.0,7.78,88.59,0,0,23.0,87.0,10
Asad Shafiq,154.0,51.33,71.37,0,1,78.0,217.0,73
Asanka Gurusinha,488.0,28.71,53.35,0,3,87.0,789.0,47
Asghar Afghan,226.0,20.55,69.43,0,1,54.0,272.0,25
Ashantha de Mel,66.0,9.43,43.35,0,0,27.0,101.0,15
Ashif Mulla,83.0,27.67,53.59,0,1,58.0,101.0,34
Ashish Bagai,343.0,22.87,50.68,0,2,84.0,556.0,38
Ashish Nehra,9.0,3.0,83.33,0,0,8.0,9.0,3
Ashish Patel,25.0,25.0,86.2,0,0,25.0,29.0,29
Ashley Giles,19.0,9.5,51.24,0,0,17.0,30.0,15
Ashley Mallett,0.0,0.0,0.0,0,0,0.0,1.0,1
Ashley Nurse,20.0,10.0,59.02,0,0,19.0,26.0,13
Ashwell Prince,107.0,17.83,51.77,0,0,47.0,136.0,23
Asif Ali,19.0,9.5,94.88,0,0,14.0,19.0,10
Asif Iqbal,182.0,45.5,74.2,0,3,61.0,276.0,69
Asif Masood,6.0,6.0,85.71,0,0,6.0,7.0,7
Asim Butt,23.0,5.75,65.83,0,0,11.0,28.0,7
Ata-ur-Rehman,0.0,0.0,0.0,0,0,0.0,1.0,1
Athula Samarasekera,224.0,28.0,63.58,0,1,75.0,286.0,36
Atse Buurman,26.0,13.0,43.33,0,0,26.0,32.0,16
Aunshuman Gaekwad,113.0,22.6,50.55,0,0,37.0,210.0,42
Austin Codrington,28.0,5.6,32.84,0,0,16.0,65.0,13
Avishka Fernando,203.0,50.75,106.32,1,1,104.0,192.0,48
Avishka Gunawardene,42.0,21.0,45.56,0,0,41.0,66.0,33
Azhar Mahmood,118.0,13.11,74.31,0,0,37.0,193.0,22
Azhar Saeed,58.0,11.6,28.51,0,0,32.0,175.0,35
Azmatullah Omarzai,353.0,44.12,100.35,0,3,97.0,361.0,46
Babar Azam,794.0,46.71,83.38,1,8,101.0,926.0,55
Babu Meman,19.0,19.0,86.36,0,0,19.0,22.0,22
Balaji Rao,22.0,4.4,51.66,0,0,9.0,41.0,9
Balwinder Sandhu,28.0,7.0,39.02,0,0,11.0,62.0,16
Bandula Warnapura,79.0,15.8,35.48,0,0,31.0,217.0,44
Barry Hadlee,19.0,19.0,24.67,0,0,19.0,77.0,77
Barry Seebaran,4.0,1.33,11.11,0,0,4.0,13.0,5
Barry Wood,83.0,41.5,43.68,0,1,77.0,157.0,79
Bas Zuiderent,196.0,10.89,39.33,0,1,54.0,395.0,22
Bas de Leede,139.0,15.44,58.71,0,1,67.0,199.0,23
Ben Stokes,769.0,48.06,84.03,1,8,108.0,840.0,53
Berend Westdijk,0.0,0.0,0.0,0,0,0.0,3.0,2
Bernard Julien,22.0,11.0,62.5,0,0,18.0,45.0,23
Bernard Loots,6.0,2.0,28.57,0,0,6.0,8.0,3
Bhuvneshwar Kumar,2.0,1.0,33.33,0,0,2.0,4.0,2
Bill Athey,211.0,35.17,63.83,0,2,86.0,325.0,55
Billy Stelling,1.0,1.0,25.0,0,0,1.0,4.0,4
Bishan Bedi,25.0,6.25,46.84,0,0,13.0,53.0,14
Bjorn Kotze,27.0,6.75,24.85,0,0,24.0,51.0,13
Bob Taylor,32.0,10.67,27.3,0,0,20.0,85.0,29
Bob Willis,25.0,6.25,28.71,0,0,24.0,44.0,11
Boeta Dippenaar,108.0,36.0,67.04,0,1,80.0,158.0,53
Boyd Rankin,24.0,3.0,36.35,0,0,7.0,70.0,9
Brad Haddin,458.0,41.64,127.75,0,4,88.0,501.0,46
Brad Hodge,152.0,76.0,120.88,1,1,123.0,117.0,59
Brad Hogg,87.0,9.67,69.42,0,0,40.0,83.0,10
Bradley Kruger,8.0,8.0,66.66,0,0,8.0,12.0,12
Brendan Taylor,690.0,46.0,79.78,2,5,138.0,778.0,52
Brendon Julian,9.0,9.0,150.0,0,0,9.0,6.0,6
Brendon Kuruppu,251.0,22.82,52.48,0,2,72.0,503.0,46
Brendon McCullum,742.0,27.48,126.76,1,7,101.0,614.0,23
Brett Lee,28.0,7.0,92.98,0,0,15.0,43.0,11
Brian Hastings,76.0,19.0,66.06,0,0,34.0,139.0,35
Brian Lara,1225.0,37.12,80.24,2,9,116.0,1420.0,44
Brian McKechnie,45.0,11.25,34.77,0,0,27.0,112.0,28
Brian McMillan,145.0,16.11,67.47,0,0,33.0,192.0,22
Brian Murphy,3.0,1.5,36.11,0,0,2.0,11.0,6
Brijal Patel,56.0,11.2,34.43,0,0,32.0,116.0,24
Brijesh Patel,88.0,17.6,48.38,0,0,38.0,195.0,39
Bruce Edgar,194.0,24.25,39.66,0,1,84.0,446.0,56
Bruce Patterson,10.0,3.33,9.26,0,0,10.0,43.0,15
Bruce Reid,10.0,2.0,29.28,0,0,5.0,41.0,9
Bryan Mauricette,20.0,6.67,20.73,0,0,15.0,68.0,23
Bryan Strang,3.0,1.5,11.54,0,0,3.0,15.0,8
Burton van Rooi,26.0,8.67,68.28,0,0,17.0,38.0,13
Calum MacLeod,48.0,8.0,55.8,0,0,22.0,63.0,11
Cameron Cuffy,1.0,1.0,12.5,0,0,1.0,8.0,8
Cameron Green,63.0,21.0,67.7,0,0,47.0,83.0,28
Cameron White,70.0,11.67,67.55,0,0,22.0,113.0,19
Carl Hooper,261.0,14.5,57.4,0,1,63.0,369.0,21
Carlisle Best,23.0,11.5,46.66,0,0,18.0,45.0,23
Carlos Brathwaite,154.0,25.67,117.37,1,1,101.0,145.0,25
Cecil Marshall,10.0,5.0,26.05,0,0,8.0,41.0,21
Chamara Kapugedera,3.0,1.5,43.33,0,0,2.0,8.0,4
Chamara Silva,427.0,30.5,82.76,0,5,64.0,562.0,41
Chamika Karunaratne,8.0,4.0,26.73,0,0,6.0,28.0,14
Chaminda Vaas,219.0,12.17,76.88,0,0,29.0,296.0,17
Champaka Ramanayake,25.0,4.17,98.21,0,0,12.0,65.0,11
Chamu Chibhabha,125.0,17.86,49.55,0,1,64.0,217.0,31
Chandika Hathurusinghe,26.0,8.67,45.6,0,0,16.0,63.0,21
Chandrakant Pandit,24.0,24.0,80.0,0,0,24.0,30.0,30
Charith Asalanka,288.0,36.0,71.4,1,2,108.0,338.0,43
Charl Langeveldt,16.0,4.0,24.81,0,0,9.0,57.0,15
Charles Baksh,0.0,0.0,0.0,0,0,0.0,6.0,6
Charles Coventry,18.0,6.0,32.78,0,0,14.0,36.0,12
Charlie Lock,8.0,2.67,38.48,0,0,5.0,20.0,7
Chetan Sharma,0.0,0.0,0.0,0,0,0.0,1.0,1
Chris Broad,67.0,22.33,39.27,0,0,36.0,150.0,50
Chris Cairns,565.0,23.54,80.28,0,3,60.0,684.0,29
Chris Gayle,1186.0,34.88,77.17,2,8,215.0,1310.0,39
Chris Harris,431.0,21.55,68.31,1,1,130.0,626.0,32
Chris Jordan,0.0,0.0,0.0,0,0,0.0,1.0,1
Chris Lewis,81.0,13.5,127.08,0,0,33.0,52.0,9
Chris Morris,74.0,18.5,117.31,0,0,42.0,61.0,16
Chris Mpofu,7.0,1.4,23.64,0,0,3.0,31.0,7
Chris Old,91.0,13.0,62.3,0,1,51.0,76.0,11
Chris Tavar√©,212.0,30.29,47.6,0,1,58.0,432.0,62
Chris Tremlett,3.0,3.0,42.85,0,0,3.0,7.0,7
Chris Woakes,355.0,15.43,87.57,0,1,51.0,398.0,18
Christopher Chappell,38.0,12.67,27.12,0,0,19.0,143.0,48
Clay Smith,0.0,0.0,0.0,0,0,0.0,5.0,5
Clive Lloyd,291.0,29.1,69.89,0,2,73.0,378.0,38
Colin Ackermann,216.0,24.0,71.73,0,1,69.0,263.0,30
Colin Croft,0.0,0.0,0.0,0,0,0.0,2.0,2
Colin Ingram,46.0,46.0,106.97,0,0,46.0,43.0,43
Colin Munro,125.0,20.83,89.37,0,1,58.0,128.0,22
Colin Smith,85.0,28.33,66.57,0,1,51.0,129.0,43
Colin de Grandhomme,190.0,23.75,105.0,0,2,64.0,189.0,24
Collins Obuya,362.0,24.13,61.87,0,2,98.0,528.0,36
Collis King,132.0,44.0,110.99,0,1,86.0,109.0,37
Corey Anderson,231.0,28.88,90.84,0,2,75.0,213.0,27
Corey Collymore,22.0,3.67,100.0,0,0,12.0,23.0,4
Cornelius Henry,6.0,3.0,39.39,0,0,5.0,14.0,7
Courtney Browne,64.0,16.0,73.89,0,0,26.0,99.0,25
Courtney Walsh,37.0,4.62,60.27,0,0,9.0,49.0,7
Craig Ervine,390.0,32.5,76.53,0,4,85.0,449.0,38
Craig Evans,92.0,18.4,84.38,0,0,39.0,112.0,23
Craig Matthews,17.0,8.5,67.94,0,0,9.0,25.0,13
Craig McDermott,43.0,3.91,61.19,0,0,14.0,58.0,6
Craig McMillan,506.0,21.08,65.98,0,2,75.0,719.0,30
Craig Spearman,191.0,31.83,92.58,0,2,78.0,191.0,32
Craig White,92.0,18.4,103.56,0,0,35.0,93.0,19
Craig Wishart,293.0,41.86,72.96,1,1,172.0,343.0,49
Craig Wright,5.0,2.5,16.66,0,0,4.0,28.0,14
Curtly Ambrose,48.0,4.8,48.42,0,0,15.0,89.0,9
Daan van Bunge,173.0,24.71,52.78,0,1,62.0,294.0,42
Dale Steyn,45.0,11.25,54.34,0,0,20.0,73.0,19
Damien Fleming,12.0,3.0,51.51,0,0,8.0,17.0,5
Damien Martyn,352.0,35.2,60.95,0,4,88.0,440.0,44
Danie Keulder,132.0,22.0,40.34,0,1,52.0,220.0,37
Daniel Vettori,167.0,9.82,116.29,0,0,44.0,199.0,12
Danish Kaneria,6.0,3.0,75.0,0,0,6.0,4.0,2
Danny Morrison,27.0,5.4,122.0,0,0,12.0,53.0,11
Daren Powell,56.0,9.33,56.48,0,0,48.0,52.0,9
Daren Sammy,231.0,21.0,87.22,0,1,89.0,226.0,21
Darren Bravo,207.0,18.82,45.57,0,1,73.0,293.0,27
Darren Gough,95.0,15.83,79.77,0,0,26.0,129.0,22
Darren Lehmann,360.0,22.5,73.02,0,3,76.0,444.0,28
Darron Reekers,38.0,12.67,103.58,0,0,25.0,33.0,11
Daryl Mitchell,552.0,61.33,105.54,2,4,134.0,497.0,56
Daryl Tuffey,15.0,7.5,108.97,0,0,11.0,16.0,8
Daryll Cullinan,471.0,31.4,62.16,0,3,69.0,696.0,47
Dasun Shanaka,80.0,40.0,88.16,0,1,68.0,80.0,40
Dave Houghton,567.0,29.84,45.83,1,5,142.0,900.0,48
Dave Langford-Smith,67.0,8.38,85.85,0,0,18.0,72.0,9
David Boon,815.0,50.94,67.87,2,7,100.0,1117.0,70
David Gower,434.0,39.45,73.48,1,2,130.0,527.0,48
David Hemp,90.0,30.0,50.05,0,1,76.0,127.0,43
David Heyn,3.0,1.5,14.58,0,0,2.0,20.0,10
David Hookes,133.0,22.17,56.66,0,1,56.0,194.0,33
David Hussey,52.0,26.0,160.57,0,0,38.0,34.0,17
David Miller,816.0,38.86,120.25,2,3,138.0,720.0,35
David Obuya,81.0,8.1,35.13,0,1,51.0,189.0,19
David Richardson,66.0,13.2,61.95,0,0,28.0,99.0,20
David Tikolo,36.0,18.0,46.96,0,0,25.0,75.0,38
David Warner,1527.0,52.66,111.69,6,11,178.0,1505.0,52
David Willey,78.0,13.0,163.93,0,0,16.0,67.0,12
David Williams,52.0,8.67,65.26,0,0,32.0,70.0,12
Davis Joseph,13.0,4.33,39.87,0,0,9.0,24.0,8
Dawid Malan,404.0,44.89,89.67,1,3,140.0,400.0,45
Dawlat Zadran,25.0,2.78,31.78,0,0,9.0,73.0,9
Dayle Hadlee,28.0,9.33,53.96,0,0,20.0,59.0,20
Dean Jones,590.0,36.88,73.51,0,5,90.0,811.0,51
Dean Minors,48.0,16.0,94.55,0,0,23.0,64.0,22
Debasis Mohanty,0.0,0.0,0.0,0,0,0.0,3.0,3
Delyone Borden,21.0,7.0,25.46,0,0,13.0,74.0,25
Denesh Ramdin,191.0,15.92,53.13,0,2,52.0,245.0,21
Dennis Amiss,243.0,60.75,71.62,1,2,137.0,288.0,72
Dennis Lillee,3.0,1.5,12.5,0,0,3.0,14.0,7
Deon Kotze,82.0,13.67,76.71,0,0,27.0,135.0,23
Derek Pringle,50.0,7.14,50.14,0,0,18.0,75.0,11
Derek Randall,64.0,12.8,50.19,0,0,42.0,91.0,19
Dermot Reeve,117.0,16.71,90.4,0,0,35.0,135.0,20
Deryck Murray,108.0,27.0,63.24,0,1,61.0,156.0,39
Desmond Chumney,95.0,15.83,56.57,0,0,28.0,162.0,27
Desmond Haynes,854.0,34.16,58.23,1,4,105.0,1485.0,60
Devendra Bishoo,6.0,2.0,18.18,0,0,6.0,15.0,5
Devon Conway,372.0,37.2,87.46,1,1,152.0,366.0,37
Devon Smith,399.0,39.9,68.95,1,4,107.0,536.0,54
Devon Thomas,41.0,6.83,42.12,0,0,15.0,76.0,13
Dhananjaya de Silva,248.0,17.71,71.38,0,0,34.0,358.0,26
Dilhara Fernando,33.0,4.71,62.39,0,0,13.0,42.0,6
Dilip Vengsarkar,252.0,25.2,67.36,0,1,63.0,332.0,34
Dilshan Madushanka,28.0,4.67,53.82,0,0,19.0,67.0,12
Dimuth Karunaratne,274.0,24.91,51.48,0,2,97.0,386.0,36
Dinesh Chandimal,52.0,52.0,216.66,0,1,52.0,24.0,24
Dinesh Karthik,14.0,7.0,56.44,0,0,8.0,34.0,17
Dinesh Mongia,120.0,20.0,72.94,0,0,42.0,209.0,35
Dion Ebrahim,79.0,15.8,50.51,0,0,32.0,123.0,25
Dion Nash,50.0,8.33,47.47,0,0,21.0,98.0,17
Dipak Chudasama,106.0,17.67,70.66,0,0,34.0,178.0,30
Dipak Patel,97.0,8.82,67.17,0,0,40.0,130.0,12
Dirk Viljoen,5.0,5.0,38.46,0,0,5.0,13.0,13
Dominic Cork,36.0,12.0,74.74,0,0,19.0,46.0,16
Don Anurasiri,21.0,4.2,67.03,0,0,11.0,39.0,8
Don Pringle,5.0,2.5,45.83,0,0,3.0,15.0,8
Doug Walters,88.0,22.0,47.54,0,1,59.0,140.0,35
Dougie Brown,64.0,21.33,40.55,0,0,45.0,102.0,34
Dougie Marillier,41.0,10.25,59.89,0,0,21.0,56.0,14
Douglas Hondo,3.0,0.75,30.55,0,0,2.0,26.0,7
Duleep Mendis,412.0,25.75,59.17,0,3,64.0,591.0,37
Duncan Fletcher,191.0,31.83,53.87,0,2,71.0,289.0,49
Dunith Wellalage,12.0,4.0,49.07,0,0,10.0,18.0,6
Dushan Hemantha,4.0,2.0,66.67,0,0,4.0,4.0,2
Dushmantha Chameera,20.0,3.33,41.3,0,0,12.0,53.0,9
Dwaine Pretorius,3.0,1.5,70.0,0,0,2.0,6.0,3
Dwayne Bravo,169.0,18.78,88.1,0,0,40.0,195.0,22
Dwayne Leverock,10.0,5.0,20.77,0,0,9.0,39.0,20
Dwayne Smith,142.0,14.2,92.32,0,0,32.0,146.0,15
Ed Joyce,574.0,33.76,58.83,1,5,112.0,735.0,44
Ed Rainsford,1.0,1.0,100.0,0,0,1.0,1.0,1
Eddie Hemmings,4.0,4.0,133.33,0,0,4.0,3.0,3
Eddo Brandes,120.0,10.0,67.49,0,0,23.0,163.0,14
Edgar Schiferli,75.0,12.5,72.51,0,0,22.0,111.0,19
Ehsan Adil,15.0,15.0,68.18,0,0,15.0,22.0,22
Ehsanul Hoque,28.0,7.0,34.12,0,0,13.0,72.0,18
Eknath Solkar,21.0,10.5,76.76,0,0,13.0,44.0,22
Eldine Baptiste,14.0,14.0,70.0,0,0,14.0,20.0,20
Elijah Otieno,13.0,2.6,17.1,0,0,8.0,37.0,8
Elton Chigumbura,235.0,18.08,89.71,0,0,38.0,261.0,21
Enamul Haque,59.0,14.75,68.1,0,0,19.0,102.0,26
Eoin Morgan,672.0,24.89,60.78,1,4,148.0,792.0,30
Eric Gouka,19.0,9.5,27.14,0,0,19.0,36.0,18
Eric Szwarczynski,81.0,16.2,56.78,0,0,28.0,151.0,31
Eric Upashantha,16.0,8.0,36.7,0,0,11.0,42.0,21
Evin Lewis,131.0,26.2,44.76,0,2,70.0,161.0,33
Ewen Chatfield,45.0,5.62,39.84,0,0,19.0,102.0,13
Fabian Allen,51.0,17.0,53.12,0,1,51.0,33.0,11
Faf du Plessis,926.0,44.1,81.23,2,9,109.0,1070.0,51
Fahad Alhashmi,0.0,0.0,0.0,0,0,0.0,0.0,0
Fakhar Zaman,406.0,33.83,73.85,1,3,126.0,406.0,34
Fanie de Villiers,12.0,12.0,109.09,0,0,12.0,11.0,11
Faoud Bacchus,157.0,31.4,65.85,0,1,80.0,251.0,51
Farhaan Behardien,74.0,37.0,203.22,0,1,64.0,36.0,18
Farokh Engineer,78.0,39.0,62.36,0,1,54.0,129.0,65
Faruque Ahmed,16.0,8.0,42.7,0,0,9.0,40.0,20
Farveez Maharoof,39.0,13.0,116.39,0,0,25.0,36.0,12
Fazalhaq Farooqi,2.0,0.67,16.67,0,0,2.0,9.0,3
Fazil Sattaur,20.0,6.67,34.17,0,0,13.0,60.0,20
Feiko Kloppenburg,158.0,31.6,46.5,1,1,121.0,243.0,49
Flavian Aponso,120.0,30.0,41.58,0,1,58.0,247.0,62
Frank Hayes,90.0,30.0,71.05,0,1,52.0,136.0,46
Franklyn Dennis,47.0,15.67,24.26,0,0,25.0,171.0,57
Frasat Ali,57.0,19.0,23.3,0,0,45.0,176.0,59
Fraser Watts,33.0,16.5,45.27,0,0,24.0,69.0,35
Freddie Coleman,77.0,25.67,46.11,0,1,70.0,97.0,33
Friday Kasteni,9.0,4.5,19.57,0,0,9.0,24.0,12
Ganesh Mylvaganam,36.0,12.0,29.96,0,0,23.0,92.0,31
Gary Ballance,36.0,9.0,53.45,0,0,10.0,71.0,18
Gary Brent,12.0,6.0,62.5,0,0,9.0,21.0,11
Gary Cosier,6.0,3.0,15.0,0,0,6.0,21.0,11
Gary Gilmour,28.0,28.0,100.0,0,0,28.0,28.0,28
Gary Kirsten,806.0,38.38,64.5,1,6,188.0,1068.0,51
Gary Troup,3.0,3.0,100.0,0,0,3.0,3.0,3
Gary Wilson,263.0,26.3,79.99,0,2,80.0,281.0,29
Gautam Gambhir,393.0,43.67,85.43,0,4,97.0,462.0,52
Gavin Hamilton,228.0,28.5,51.62,0,2,76.0,360.0,45
Gavin Larsen,76.0,12.67,74.44,0,0,37.0,128.0,22
Gavin Murgatroyd,90.0,15.0,46.15,0,1,52.0,145.0,25
Geoff Allott,0.0,0.0,0.0,0,0,0.0,2.0,2
Geoff Arnold,18.0,18.0,60.0,0,0,18.0,30.0,30
Geoff Barnett,88.0,29.33,79.18,0,0,41.0,129.0,43
Geoff Boycott,92.0,18.4,32.15,0,1,57.0,214.0,43
Geoff Dymock,14.0,7.0,44.44,0,0,10.0,30.0,15
Geoff Howarth,374.0,34.0,63.51,0,4,76.0,569.0,52
Geoff Lawson,24.0,6.0,76.25,0,0,16.0,35.0,9
Geoff Marsh,579.0,44.54,53.22,2,4,126.0,987.0,76
George Bailey,55.0,55.0,79.71,0,1,55.0,69.0,69
George Codrington,7.0,7.0,87.5,0,0,7.0,8.0,8
George Dockrell,96.0,10.67,92.74,0,0,25.0,138.0,16
George Salmond,57.0,11.4,44.56,0,0,31.0,109.0,22
Gerald Coetzee,54.0,13.5,80.32,0,0,22.0,78.0,20
Gerald Peckover,33.0,11.0,57.99,0,0,16.0,54.0,18
Gerrie Snyman,5.0,1.25,20.83,0,0,5.0,9.0,3
Gladstone Small,8.0,2.0,31.94,0,0,5.0,23.0,6
Glenn Maxwell,901.0,36.04,143.04,3,5,201.0,562.0,23
Glenn McGrath,3.0,0.75,37.5,0,0,3.0,5.0,2
Glenn Phillips,285.0,31.67,119.54,0,2,71.0,255.0,29
Glenn Rogers,32.0,16.0,59.11,0,0,26.0,49.0,25
Glenn Turner,612.0,43.71,55.97,2,4,171.0,956.0,69
Glenroy Sealy,73.0,24.33,52.52,0,0,45.0,149.0,50
Gordon Greenidge,578.0,41.29,56.57,2,6,106.0,938.0,67
Graeme Cremer,99.0,19.8,57.72,0,0,37.0,144.0,29
Graeme Fowler,360.0,51.43,60.8,0,4,81.0,573.0,82
Graeme Hick,635.0,33.42,61.23,1,7,104.0,858.0,46
Graeme Labrooy,19.0,19.0,55.88,0,0,19.0,34.0,34
Graeme Porter,3.0,3.0,33.33,0,0,3.0,9.0,9
Graeme Smith,747.0,37.35,75.37,0,6,91.0,865.0,44
Graeme Swann,60.0,10.0,112.78,0,0,16.0,51.0,9
Graeme Wood,144.0,28.8,51.79,0,1,73.0,256.0,52
Graham Dilley,90.0,22.5,133.06,0,0,31.0,75.0,19
Graham Gooch,897.0,42.71,56.48,1,9,115.0,1418.0,68
Graham Thorpe,379.0,37.9,68.67,0,3,89.0,514.0,52
Graham Yallop,247.0,27.44,62.71,0,2,66.0,366.0,41
Grant Elliott,310.0,38.75,102.89,0,2,84.0,294.0,37
Grant Flower,512.0,25.6,52.24,0,1,78.0,895.0,45
Grant Paterson,123.0,12.3,31.44,0,0,27.0,327.0,33
Greg Chappell,114.0,28.5,67.56,0,1,50.0,148.0,37
Greg Dyer,50.0,12.5,85.0,0,0,27.0,43.0,11
Greg Lamb,62.0,12.4,72.94,0,0,18.0,86.0,18
Greig Williamson,11.0,5.5,25.38,0,0,10.0,35.0,18
Gulbadin Naib,194.0,19.4,77.87,0,0,47.0,244.0,25
Gundappa Viswanath,145.0,29.0,46.77,0,1,75.0,274.0,55
Gus Atkinson,37.0,12.33,122.22,0,0,35.0,23.0,8
Gus Logie,282.0,21.69,76.27,0,2,65.0,307.0,24
Guy Whittall,246.0,13.67,45.37,0,0,35.0,497.0,28
Guy de Alwis,167.0,27.83,99.7,0,2,59.0,159.0,27
Habibul Bashar,105.0,10.5,32.07,0,0,32.0,238.0,24
Hamid Hassan,53.0,4.82,38.23,0,0,16.0,110.0,10
Hamilton Masakadza,122.0,20.33,53.16,0,1,80.0,161.0,27
Hamish Bennett,0.0,0.0,0.0,0,0,0.0,4.0,2
Hamish Gardiner,24.0,8.0,28.12,0,0,19.0,53.0,18
Hamish Marshall,81.0,27.0,78.0,0,1,50.0,98.0,33
Hamish McLeod,5.0,2.5,31.25,0,0,5.0,10.0,5
Hannan Sarkar,34.0,11.33,36.31,0,0,25.0,60.0,20
Hansie Cronje,476.0,23.8,70.62,0,2,78.0,591.0,30
Harbhajan Singh,93.0,7.75,65.49,0,0,28.0,113.0,10
Hardik Pandya,237.0,23.7,122.82,0,0,48.0,209.0,21
Harilal Shah,6.0,2.0,3.77,0,0,6.0,56.0,19
Haris Rauf,53.0,10.6,59.96,0,0,35.0,45.0,9
Haris Sohail,375.0,34.09,72.35,0,3,89.0,454.0,42
Haroon Rasheed,69.0,17.25,52.47,0,0,37.0,135.0,34
Harry Brook,169.0,28.17,118.5,0,1,66.0,150.0,25
Harvir Baidwan,54.0,10.8,71.4,0,0,17.0,79.0,16
Hasan Ali,63.0,10.5,100.25,0,0,32.0,52.0,9
Hasan Mahmud,15.0,15.0,60.0,0,0,15.0,25.0,25
Hashan Tillakaratne,386.0,20.32,47.62,0,2,81.0,705.0,38
Hashim Amla,842.0,38.27,82.85,2,7,159.0,1012.0,46
Hashmatullah Shahidi,507.0,29.82,52.75,0,5,80.0,773.0,46
Hasibul Hossain,23.0,7.67,41.27,0,0,16.0,49.0,17
Hazratullah Zazai,96.0,19.2,75.75,0,0,34.0,102.0,21
Heath Streak,328.0,18.22,70.01,0,1,72.0,447.0,25
Hedley Howarth,1.0,0.5,7.14,0,0,1.0,8.0,4
Heinrich Klaasen,373.0,37.3,123.2,1,2,109.0,280.0,28
Henk-Jan Mol,38.0,12.67,39.44,0,0,23.0,94.0,32
Henry Nicholls,91.0,22.75,41.58,0,1,55.0,149.0,38
Henry Olonga,16.0,2.67,41.57,0,0,5.0,61.0,11
Henry Osinde,7.0,1.17,26.11,0,0,4.0,19.0,4
Herschelle Gibbs,1067.0,46.39,82.15,2,10,143.0,1221.0,54
Hiral Patel,85.0,42.5,104.28,0,1,54.0,80.0,40
Hiren Varaiya,5.0,2.5,31.7,0,0,4.0,23.0,12
Hitesh Modi,195.0,13.93,37.91,0,0,41.0,485.0,35
Iain Butchart,240.0,17.14,56.09,0,1,54.0,361.0,26
Iain Wardlaw,1.0,0.25,12.5,0,0,1.0,5.0,2
Ian Bell,718.0,34.19,64.54,0,6,81.0,995.0,48
Ian Billcliff,251.0,27.89,51.12,0,2,71.0,413.0,46
Ian Bishop,35.0,8.75,55.92,0,0,17.0,95.0,24
Ian Blackwell,38.0,19.0,142.1,0,0,22.0,30.0,15
Ian Botham,297.0,16.5,64.63,0,1,53.0,476.0,27
Ian Bradshaw,26.0,13.0,39.86,0,0,20.0,62.0,31
Ian Chappell,59.0,14.75,50.17,0,0,28.0,119.0,30
Ian Gould,66.0,16.5,67.21,0,0,35.0,102.0,26
Ian Harvey,66.0,13.2,89.25,0,0,28.0,86.0,18
Ian Healy,110.0,10.0,81.2,0,0,31.0,124.0,12
Ian Philip,20.0,6.67,14.46,0,0,17.0,89.0,30
Ian Smith,138.0,10.62,135.9,0,0,29.0,104.0,8
Ian Stanger,47.0,11.75,28.38,0,0,27.0,144.0,36
Ibrahim Zadran,376.0,41.78,73.63,1,2,129.0,493.0,55
Iftikhar Ahmed,142.0,17.75,115.13,0,0,40.0,123.0,16
Iftikhar Anjum,51.0,17.0,93.24,0,0,32.0,77.0,26
Ijaz Ahmed,516.0,19.85,74.35,0,4,70.0,717.0,28
Ijaz Faqih,61.0,12.2,41.23,0,0,42.0,112.0,23
Ikram Alikhil,231.0,23.1,62.09,0,2,86.0,347.0,35
Imad Wasim,162.0,32.4,112.14,0,0,49.0,137.0,28
Imam-ul-Haq,467.0,33.36,73.69,1,3,100.0,580.0,42
Imran Khan,666.0,27.75,69.96,1,5,102.0,1014.0,43
Imran Nazir,190.0,63.33,126.43,1,1,160.0,175.0,59
Imran Tahir,20.0,2.5,39.17,0,0,10.0,34.0,5
Imrul Kayes,197.0,21.89,64.14,0,2,73.0,312.0,35
Imtiaz Abbasi,4.0,1.0,16.9,0,0,2.0,22.0,6
Inzamam-ul-Haq,717.0,21.73,66.18,0,4,81.0,961.0,30
Iqbal Sikander,1.0,1.0,33.33,0,0,1.0,3.0,3
Irving Romaine,11.0,3.67,17.46,0,0,11.0,32.0,11
Ish Sodhi,5.0,5.0,125.0,0,0,5.0,4.0,4
Ishan Kishan,47.0,23.5,50.0,0,0,47.0,48.0,24
Ishwar Maraj,98.0,16.33,27.74,0,1,53.0,264.0,44
Isuru Udana,45.0,6.43,71.53,0,0,17.0,75.0,11
Jack Heron,50.0,8.33,29.37,0,0,18.0,163.0,28
Jack Russell,27.0,6.75,42.45,0,0,12.0,65.0,17
Jacob Oram,259.0,18.5,79.52,0,1,63.0,360.0,26
Jacob-Jan Esmeijer,3.0,1.0,7.69,0,0,3.0,19.0,7
Jacques Kallis,1148.0,35.88,65.62,1,10,128.0,1543.0,49
James Anderson,15.0,1.5,22.11,0,0,8.0,42.0,5
James Brinkley,52.0,10.4,34.5,0,0,23.0,118.0,24
James Faulkner,44.0,11.0,139.58,0,0,21.0,25.0,7
James Franklin,147.0,16.33,99.91,0,0,34.0,138.0,16
James Neesham,290.0,29.0,75.44,0,2,97.0,341.0,35
James Ngoche,10.0,5.0,38.09,0,0,9.0,24.0,12
James Taylor,149.0,24.83,55.9,0,1,98.0,168.0,28
James Tredwell,9.0,9.0,45.0,0,0,9.0,20.0,20
James Vince,40.0,13.33,53.88,0,0,26.0,51.0,17
Jamie Dalrymple,6.0,2.0,30.55,0,0,3.0,22.0,8
Jamie How,26.0,13.0,30.29,0,0,22.0,76.0,38
Jan-Berrie Burger,199.0,33.17,102.55,0,1,85.0,198.0,33
Janeiro Tucker,13.0,4.33,56.35,0,0,9.0,33.0,11
Jason Behrendorff,12.0,4.0,69.44,0,0,11.0,11.0,4
Jason Gillespie,6.0,6.0,150.0,0,0,6.0,4.0,4
Jason Holder,325.0,29.55,95.02,0,3,57.0,294.0,27
Jason Krejza,7.0,7.0,36.84,0,0,7.0,19.0,19
Jason Roy,443.0,63.29,110.36,1,5,153.0,384.0,55
Jasprit Bumrah,19.0,3.17,49.55,0,0,16.0,30.0,5
Javagal Srinath,85.0,4.72,77.22,0,0,18.0,80.0,5
Javed Ahmadi,97.0,16.17,61.57,0,1,51.0,122.0,21
Javed Miandad,1083.0,36.1,64.5,1,9,103.0,1592.0,54
Javed Omer,55.0,18.33,39.08,0,0,22.0,141.0,47
Jawahir Shah,46.0,15.33,34.74,0,0,37.0,114.0,38
Jean-Paul Duminy,458.0,28.62,94.88,1,2,115.0,461.0,29
Jeetan Patel,34.0,17.0,44.73,0,0,34.0,39.0,20
Jeevan Mendis,32.0,6.4,43.41,0,0,18.0,72.0,15
Jeff Crowe,220.0,27.5,73.48,0,1,88.0,285.0,36
Jeff Dujon,112.0,12.44,51.9,0,0,46.0,239.0,27
Jeff Moss,7.0,7.0,43.75,0,0,7.0,16.0,16
Jeff Thomson,30.0,7.5,76.19,0,0,20.0,29.0,8
Jehan Mubarak,0.0,0.0,0.0,0,0,0.0,2.0,2
Jeremy Bray,212.0,23.56,38.58,1,1,115.0,338.0,38
Jeremy Coney,244.0,30.5,48.41,0,2,66.0,445.0,56
Jeroen Smits,61.0,10.17,35.86,0,0,26.0,150.0,25
Jerome Taylor,74.0,10.57,86.58,0,0,15.0,89.0,13
Jesse Ryder,184.0,36.8,71.11,0,1,83.0,265.0,53
Jimmy Adams,120.0,15.0,40.29,0,1,53.0,244.0,31
Jimmy Hansra,215.0,35.83,56.14,0,2,70.0,373.0,63
Jimmy Kamande,56.0,8.0,41.59,0,0,22.0,123.0,18
Jimmy Maher,35.0,17.5,55.38,0,0,26.0,60.0,30
Jitendra Patel,3.0,1.0,19.05,0,0,2.0,23.0,8
Joe Harris,91.0,15.17,44.69,0,0,31.0,204.0,34
Joe Root,1034.0,41.36,73.12,3,9,121.0,1173.0,47
Joel Garner,52.0,10.4,57.98,0,0,37.0,79.0,16
Jofra Archer,13.0,1.86,62.23,0,0,7.0,22.0,4
Johan Botha,58.0,14.5,112.08,0,0,23.0,59.0,15
Johanne Samarasekera,90.0,22.5,58.2,0,0,47.0,132.0,33
John Blain,56.0,7.0,30.42,0,0,23.0,113.0,15
John Bracewell,80.0,11.43,82.99,0,0,34.0,95.0,14
John Davison,340.0,24.29,96.64,1,3,111.0,308.0,22
John Emburey,96.0,13.71,100.62,0,0,30.0,88.0,13
John Jameson,32.0,16.0,42.74,0,0,21.0,73.0,37
John Mooney,132.0,10.15,71.34,0,0,33.0,200.0,16
John Morrison,102.0,20.4,39.72,0,1,55.0,223.0,45
John Parker,71.0,17.75,37.8,0,1,66.0,94.0,24
John Snow,2.0,2.0,14.28,0,0,2.0,14.0,14
John Traicos,70.0,5.83,51.26,0,0,19.0,136.0,12
John Valentine,3.0,1.5,13.63,0,0,3.0,17.0,9
John Vaughan,30.0,10.0,25.81,0,0,29.0,55.0,19
John Wright,493.0,27.39,49.34,0,3,69.0,862.0,48
Johnson Charles,58.0,29.0,93.75,0,1,55.0,46.0,23
Jonathan Carter,113.0,28.25,66.77,0,1,50.0,160.0,40
Jonathan Trott,422.0,60.29,85.86,0,5,92.0,522.0,75
Jonny Bairstow,747.0,37.35,73.75,2,6,111.0,816.0,41
Jonty Rhodes,354.0,17.7,81.97,0,0,43.0,403.0,21
Jos Buttler,591.0,25.7,118.18,1,4,103.0,500.0,22
Joseph Angara,6.0,3.0,60.0,0,0,6.0,7.0,4
Josh Davey,55.0,9.17,65.62,0,0,26.0,88.0,15
Josh Hazlewood,4.0,0.8,60.0,0,0,2.0,5.0,1
Josh Inglis,159.0,19.88,90.91,0,1,58.0,168.0,21
Justin Kemp,74.0,14.8,59.46,0,0,49.0,149.0,30
KL Rahul,813.0,42.79,94.37,2,6,111.0,964.0,51
Kagiso Rabada,83.0,10.38,73.77,0,0,31.0,115.0,15
Kamran Akmal,249.0,24.9,62.33,0,1,55.0,352.0,36
Kamran Shazad,0.0,0.0,0.0,0,0,0.0,3.0,3
Kane Richardson,1.0,1.0,100.0,0,0,1.0,1.0,1
Kane Williamson,1167.0,44.88,79.58,2,8,148.0,1437.0,56
Kapil Dev,669.0,27.88,98.98,1,2,175.0,581.0,25
Karl Whatham,18.0,18.0,43.9,0,0,18.0,41.0,41
Karsan Ghavri,35.0,11.67,58.18,0,0,20.0,56.0,19
Kasun Rajitha,52.0,13.0,65.06,0,0,33.0,57.0,15
Kedar Jadhav,80.0,16.0,70.25,0,1,52.0,99.0,20
Keith Arthurton,241.0,18.54,44.02,0,2,58.0,386.0,30
Keith Boyce,7.0,7.0,116.66,0,0,7.0,6.0,6
Keith Fletcher,207.0,69.0,56.81,1,2,131.0,299.0,100
Kemar Roach,47.0,6.71,33.19,0,0,16.0,106.0,16
Ken MacLeay,19.0,4.75,68.96,0,0,9.0,28.0,7
Ken Rutherford,416.0,34.67,65.33,0,4,75.0,587.0,49
Ken Wadsworth,68.0,17.0,89.32,0,0,25.0,90.0,23
Kennedy Otieno,427.0,22.47,35.61,0,4,85.0,818.0,44
Kenny Carroll,0.0,0.0,0.0,0,0,0.0,2.0,2
Kepler Wessels,405.0,33.75,54.03,0,4,85.0,751.0,63
Keshav Maharaj,59.0,9.83,59.18,0,0,40.0,80.0,14
Kevin Arnott,206.0,25.75,45.14,0,3,60.0,416.0,52
Kevin Curran,287.0,26.09,59.65,0,2,73.0,430.0,40
Kevin Duers,7.0,3.5,35.0,0,0,5.0,20.0,10
Kevin Hurdle,6.0,2.0,66.67,0,0,6.0,11.0,4
Kevin O'Brien,499.0,24.95,81.2,1,2,113.0,552.0,28
Kevin Pietersen,575.0,44.23,83.63,2,6,104.0,684.0,53
Kevin Sandher,2.0,2.0,33.33,0,0,2.0,6.0,6
Kevin Wright,29.0,14.5,51.08,0,0,23.0,52.0,26
Khaled Mahmud,87.0,10.88,48.8,0,0,27.0,150.0,19
Khaled Mashud,139.0,13.9,38.98,0,0,35.0,330.0,33
Khurram Chohan,39.0,9.75,62.22,0,0,22.0,66.0,17
Khurram Khan,155.0,25.83,74.99,0,0,45.0,212.0,36
Kieron Pollard,190.0,27.14,84.06,0,2,94.0,137.0,20
Kim Hughes,218.0,27.25,54.42,0,2,69.0,379.0,48
Kiran More,100.0,10.0,98.47,0,0,42.0,86.0,9
Kirk Edwards,17.0,17.0,100.0,0,0,17.0,17.0,17
Kirti Azad,15.0,7.5,41.66,0,0,15.0,21.0,11
Klaas-Jan van Noortwijk,322.0,35.78,68.79,1,2,134.0,428.0,48
Kris Srikkanth,521.0,22.65,56.23,0,2,75.0,762.0,34
Krishna Chandran,38.0,7.6,13.75,0,0,34.0,111.0,23
Kuldeep Yadav,20.0,5.0,56.2,0,0,10.0,33.0,9
Kumar Dharmasena,9.0,9.0,45.0,0,0,9.0,20.0,20
Kumar Sangakkara,1532.0,43.77,83.42,5,12,124.0,1770.0,51
Kusal Mendis,437.0,27.31,75.88,1,2,122.0,471.0,30
Kusal Perera,449.0,28.06,93.64,0,5,78.0,416.0,26
Kyle Abbott,12.0,12.0,63.15,0,0,12.0,19.0,19
Kyle Coetzer,253.0,42.17,45.32,1,2,156.0,282.0,47
Kyle McCallan,33.0,4.12,30.55,0,0,20.0,75.0,10
Kyle Mills,7.0,7.0,233.33,0,0,7.0,3.0,3
Lahiru Kumara,4.0,4.0,50.0,0,0,4.0,8.0,8
Lahiru Thirimanne,445.0,37.08,78.83,1,4,139.0,519.0,44
Lalith Kaluperuma,19.0,9.5,39.86,0,0,13.0,46.0,23
Lameck Onyango,39.0,13.0,72.87,0,0,23.0,53.0,18
Lance Cairns,43.0,4.78,74.86,0,0,14.0,51.0,6
Lance Klusener,372.0,33.82,133.72,0,3,57.0,307.0,28
Larry Gomes,258.0,36.86,60.18,0,3,78.0,461.0,66
Lasith Malinga,33.0,2.54,57.47,0,0,10.0,59.0,5
Lee Germon,191.0,31.83,88.9,0,1,89.0,225.0,38
Lendl Simmons,187.0,31.17,65.91,1,2,102.0,197.0,33
Liam Livingstone,60.0,10.0,46.28,0,0,27.0,94.0,16
Liam Plunkett,93.0,13.29,121.71,0,0,29.0,78.0,12
Lionel Cann,44.0,14.67,118.05,0,0,28.0,40.0,14
Litton Das,468.0,33.43,79.81,0,3,94.0,521.0,38
Lockie Ferguson,11.0,2.2,70.67,0,0,6.0,15.0,3
Logan van Beek,140.0,17.5,72.69,0,1,59.0,179.0,23
Lonwabo Tsotsobe,4.0,4.0,200.0,0,0,4.0,2.0,2
Lou Vincent,118.0,19.67,38.02,1,1,101.0,162.0,27
Louis Burger,11.0,1.83,17.07,0,0,5.0,62.0,11
Luke Ronchi,73.0,10.43,106.09,0,0,29.0,62.0,9
Luke Woodcock,3.0,3.0,100.0,0,0,3.0,3.0,3
Luke Wright,45.0,22.5,55.26,0,0,44.0,60.0,30
Lungi Ngidi,18.0,3.6,38.88,0,0,7.0,52.0,11
Luuk van Troost,101.0,12.62,65.77,0,0,26.0,149.0,19
MS Dhoni,780.0,31.2,86.81,0,5,91.0,867.0,35
Madan Lal,122.0,17.43,64.29,0,0,27.0,201.0,29
Mahedi Hasan,33.0,11.0,51.71,0,0,17.0,73.0,25
Maheesh Theekshana,100.0,16.67,42.53,0,0,38.0,185.0,31
Mahela Jayawardene,1100.0,32.35,67.95,4,9,115.0,1280.0,38
Mahmudullah,944.0,42.91,82.87,3,6,128.0,1113.0,51
Majid Haq,82.0,11.71,44.1,0,0,31.0,150.0,22
Majid Khan,359.0,51.29,60.86,0,5,84.0,524.0,75
Makhaya Ntini,29.0,5.8,78.71,0,0,14.0,28.0,6
Malachi Jones,1.0,1.0,12.5,0,0,1.0,8.0,8
Malcolm Jarvis,37.0,7.4,85.76,0,0,17.0,67.0,14
Malcolm Marshall,40.0,5.71,40.81,0,0,18.0,105.0,15
Malinga Bandara,17.0,17.0,89.47,0,0,17.0,19.0,19
Maninder Singh,4.0,2.0,40.0,0,0,4.0,5.0,3
Manjula Guruge,14.0,4.67,34.17,0,0,10.0,26.0,9
Manjurul Islam,13.0,1.86,28.84,0,0,6.0,35.0,5
Manoj Prabhakar,45.0,4.09,59.31,0,0,11.0,132.0,12
Mansoor Akhtar,108.0,13.5,39.78,0,0,33.0,247.0,31
Manzoor Elahi,4.0,4.0,66.66,0,0,4.0,6.0,6
Marcel Schewe,49.0,12.25,81.37,0,0,20.0,68.0,17
Marco Jansen,157.0,19.62,99.21,0,1,75.0,142.0,18
Marcus Stoinis,174.0,14.5,86.96,0,0,35.0,190.0,16
Marcus Trescothick,116.0,23.2,64.04,0,1,58.0,150.0,30
Mark Boucher,381.0,20.05,72.27,0,2,75.0,405.0,22
Mark Burgess,45.0,22.5,74.17,0,0,35.0,62.0,31
Mark Burmester,17.0,5.67,64.44,0,0,12.0,37.0,13
Mark Chapman,84.0,14.0,103.81,0,0,39.0,71.0,12
Mark Ealham,5.0,2.5,14.71,0,0,5.0,20.0,10
Mark Gillespie,2.0,2.0,25.0,0,0,2.0,8.0,8
Mark Greatbatch,313.0,44.71,88.32,0,3,73.0,356.0,51
Mark Jonkman,0.0,0.0,0.0,0,0,0.0,2.0,2
Mark Rushmere,49.0,16.33,45.37,0,0,35.0,103.0,35
Mark Taylor,206.0,22.89,45.27,0,2,74.0,330.0,37
Mark Vermeulen,66.0,22.0,34.21,0,0,39.0,133.0,45
Mark Waugh,1004.0,45.64,71.35,4,8,130.0,1199.0,55
Mark Wood,96.0,8.73,77.05,0,0,43.0,77.0,7
Marlon Samuels,460.0,28.75,70.22,1,3,133.0,600.0,38
Marnus Labuschagne,362.0,36.2,70.88,0,3,71.0,512.0,52
Martin Crowe,880.0,41.9,73.58,1,9,100.0,1053.0,51
Martin Guptill,995.0,36.85,75.68,2,6,237.0,1126.0,42
Martin Snedden,218.0,27.25,65.44,0,1,64.0,346.0,44
Martin Stead,10.0,5.0,15.15,0,0,10.0,45.0,23
Martin Suji,68.0,5.23,53.12,0,0,15.0,124.0,10
Marvan Atapattu,521.0,34.73,67.27,2,5,124.0,657.0,44
Mashrafe Mortaza,199.0,11.06,83.93,0,0,37.0,243.0,14
Matheesha Pathirana,6.0,3.0,32.29,0,0,5.0,19.0,10
Matt Henry,37.0,3.7,74.13,0,0,10.0,54.0,6
Matt Horne,199.0,24.88,51.8,0,1,74.0,354.0,45
Matt Machan,186.0,31.0,83.1,0,1,56.0,230.0,39
Matt Prior,78.0,13.0,85.57,0,0,22.0,92.0,16
Matthew Cross,88.0,14.67,77.53,0,0,23.0,120.0,20
Matthew Hart,0.0,0.0,0.0,0,0,0.0,2.0,2
Matthew Hayden,987.0,47.0,85.96,3,5,158.0,1062.0,51
Maurice Odumbe,452.0,25.11,71.05,0,3,82.0,618.0,35
Max O'Dowd,138.0,15.33,57.01,0,0,42.0,200.0,23
Max Sorensen,22.0,22.0,115.78,0,0,22.0,19.0,19
Max Walker,26.0,13.0,50.32,0,0,18.0,50.0,25
Mazhar Hussain,99.0,19.8,58.32,0,0,33.0,189.0,38
Mehidy Hasan Miraz,238.0,17.0,93.65,0,1,57.0,286.0,21
Mehmood Quaraishy,41.0,13.67,29.51,0,0,19.0,154.0,52
Mehrab Hossain,120.0,24.0,38.41,0,1,64.0,270.0,54
Melt van Schoor,58.0,11.6,62.51,0,0,24.0,111.0,23
Merv Hughes,0.0,0.0,0.0,0,0,0.0,4.0,4
Mervyn Dillon,28.0,5.6,76.64,0,0,10.0,51.0,11
Mevan Pieris,19.0,6.33,20.45,0,0,16.0,59.0,20
Meyrick Pringle,5.0,5.0,83.33,0,0,5.0,6.0,6
Michael Bevan,537.0,29.83,70.24,0,5,74.0,834.0,47
Michael Clarke,888.0,42.29,89.74,0,8,93.0,943.0,45
Michael Holding,36.0,7.2,58.31,0,0,20.0,59.0,12
Michael Hussey,156.0,17.33,78.23,0,1,54.0,190.0,22
Michael Leask,25.0,12.5,118.83,0,0,23.0,18.0,9
Michael Mason,0.0,0.0,0.0,0,0,0.0,5.0,5
Michael Tissera,78.0,26.0,47.41,0,1,52.0,147.0,49
Michael Vaughan,348.0,24.86,58.27,0,3,79.0,490.0,35
Michael Yardy,19.0,6.33,65.88,0,0,13.0,33.0,11
Mike Allingham,11.0,3.67,10.89,0,0,6.0,96.0,32
Mike Atherton,119.0,19.83,56.22,0,1,66.0,175.0,30
Mike Brearley,161.0,32.2,25.05,0,2,64.0,404.0,81
Mike Denness,113.0,28.25,108.88,0,0,37.0,149.0,38
Mike Gatting,437.0,33.62,82.7,0,3,60.0,502.0,39
Mike Hendrick,1.0,0.5,50.0,0,0,1.0,6.0,3
Mike Smith,19.0,3.8,31.96,0,0,13.0,85.0,17
Mike Veletta,136.0,34.0,87.85,0,0,48.0,121.0,31
Mike Whitney,22.0,7.33,48.39,0,0,9.0,51.0,17
Milinda Siriwardana,3.0,3.0,75.0,0,0,3.0,4.0,4
Minhajul Abedin,140.0,35.0,59.29,0,2,68.0,249.0,63
Mirwais Ashraf,38.0,19.0,77.08,0,0,28.0,47.0,24
Misbah-ul-Haq,598.0,46.0,66.18,0,7,83.0,802.0,62
Mitchell Johnson,56.0,7.0,114.88,0,0,27.0,39.0,5
Mitchell Marsh,472.0,36.31,80.57,2,3,177.0,441.0,34
Mitchell Santner,175.0,11.67,108.03,0,0,36.0,180.0,12
Mitchell Star,155.0,8.16,55.33,0,0,29.0,230.0,13
Moeen Ali,362.0,22.62,98.01,1,1,128.0,376.0,24
Mohammad Amir,11.0,3.67,61.11,0,0,8.0,14.0,5
Mohammad Ashraful,299.0,18.69,60.09,0,2,87.0,400.0,25
Mohammad Aslam,38.0,9.5,73.2,0,0,23.0,73.0,19
Mohammad Azharuddin,826.0,33.04,71.96,0,8,93.0,1066.0,43
Mohammad Hafeez,483.0,26.83,80.37,0,2,84.0,584.0,33
Mohammad Irfan,4.0,1.33,23.84,0,0,2.0,19.0,7
Mohammad Ishaq,71.0,23.67,80.53,0,1,51.0,84.0,28
Mohammad Kaif,182.0,18.2,54.02,0,1,68.0,316.0,32
Mohammad Mithun,47.0,15.67,59.59,0,0,26.0,56.0,19
Mohammad Nabi,252.0,12.0,62.16,0,1,52.0,358.0,18
Mohammad Naveed,73.0,12.17,101.34,0,0,23.0,59.0,10
Mohammad Nawaz,81.0,20.25,76.69,0,0,39.0,97.0,25
Mohammad Rafique,113.0,8.69,38.85,0,0,41.0,191.0,15
Mohammad Rizwan,395.0,49.38,96.77,1,2,131.0,414.0,52
Mohammad Saifuddin,87.0,17.4,84.56,0,1,51.0,72.0,15
Mohammad Sami,17.0,8.5,42.64,0,0,12.0,44.0,22
Mohammad Shahzad,7.0,3.5,29.16,0,0,7.0,15.0,8
Mohammad Sheikh,15.0,7.5,73.71,0,0,8.0,32.0,16
Mohammad Tauqir,8.0,1.6,29.85,0,0,3.0,43.0,9
Mohammad Wasim,23.0,11.5,96.03,0,0,16.0,23.0,12
Mohammad Yousuf,386.0,29.69,67.55,0,2,81.0,549.0,43
Mohammed Shami,20.0,2.0,61.0,0,0,6.0,35.0,4
Mohammed Siraj,9.0,9.0,112.5,0,0,9.0,8.0,8
Mohinder Amarnath,254.0,21.17,40.48,0,1,80.0,545.0,46
Mohit Sharma,0.0,0.0,0.0,0,0,0.0,1.0,1
Mohsin Khan,223.0,31.86,31.93,0,2,82.0,505.0,73
Moin Khan,286.0,20.43,106.43,0,1,63.0,269.0,20
Mominul Haque,4.0,2.0,66.66,0,0,3.0,6.0,3
Monde Zondeki,1.0,1.0,100.0,0,0,1.0,1.0,1
Monty Panesar,3.0,1.5,28.57,0,0,2.0,30.0,15
Morne Karg,45.0,22.5,54.48,0,0,41.0,65.0,33
Morne Morkel,12.0,3.0,41.49,0,0,6.0,33.0,9
Morne van Wyk,65.0,13.0,67.51,0,0,42.0,88.0,18
Morris Ouma,97.0,12.12,27.25,0,1,58.0,220.0,28
Mosaddek Hossain,117.0,19.5,101.23,0,0,35.0,110.0,19
Mudassar Bukhari,68.0,11.33,79.58,0,0,24.0,90.0,15
Mudassar Nazar,149.0,14.9,40.29,0,0,40.0,361.0,37
Mujeeb Ur Rahman,79.0,7.18,94.44,0,0,28.0,69.0,7
Munaf Patel,26.0,4.33,34.8,0,0,15.0,35.0,6
Murray Goodwin,201.0,25.12,57.98,0,1,57.0,315.0,40
Mushfiqur Rahim,1079.0,29.16,67.38,1,9,102.0,1359.0,37
Mushtaq Ahmed,27.0,5.4,53.09,0,0,17.0,58.0,12
Mushtaq Mohammad,89.0,29.67,48.21,0,1,55.0,164.0,55
Mustafizur Rahman,43.0,4.3,27.33,0,0,20.0,96.0,10
Muthiah Muralidaran,69.0,5.31,98.73,0,0,16.0,71.0,6
Naeem Islam,40.0,8.0,33.26,0,0,29.0,75.0,15
Naimur Rahman,114.0,22.8,52.97,0,0,45.0,206.0,42
Najibullah Zadran,360.0,22.5,81.11,0,2,56.0,436.0,28
Najmul Hossain Shanto,222.0,24.67,61.89,0,2,90.0,289.0,33
Naseer Malik,0.0,0.0,0.0,0,0,0.0,13.0,13
Nasir Aziz,60.0,60.0,69.76,0,1,60.0,86.0,86
Nasir Hossain,46.0,23.0,130.04,0,0,35.0,41.0,21
Nasir Jamal,17.0,17.0,32.69,0,0,17.0,52.0,52
Nasir Jamshed,5.0,1.67,14.81,0,0,4.0,23.0,8
Nasser Hussain,218.0,27.25,51.48,0,2,88.0,372.0,47
Nasum Ahmed,40.0,13.33,80.47,0,0,19.0,48.0,16
Nathan Astle,403.0,18.32,50.95,2,3,102.0,572.0,26
Nathan Coulter-Nile,98.0,32.67,88.14,0,1,92.0,72.0,24
Nathan Lyon,8.0,2.67,61.11,0,0,5.0,10.0,4
Nathan McCullum,100.0,16.67,92.14,0,1,52.0,130.0,22
Navdeep Poonia,1.0,0.5,12.5,0,0,1.0,6.0,3
Naved-ul-Hasan,11.0,11.0,37.93,0,0,11.0,29.0,29
Naveen-ul-Haq,16.0,3.2,49.17,0,0,9.0,25.0,5
Navjot Sidhu,454.0,45.4,63.24,0,6,93.0,576.0,58
Nawroz Mangal,108.0,18.0,50.3,0,0,33.0,209.0,35
Nayan Mongia,115.0,9.58,89.95,0,0,28.0,142.0,12
Neeyamur Rashid,1.0,1.0,50.0,0,0,1.0,2.0,2
Nehemiah Odhiambo,56.0,11.2,43.61,0,0,44.0,78.0,16
Neil Fairbrother,430.0,28.67,59.14,0,3,75.0,676.0,46
Neil Foster,42.0,10.5,121.66,0,0,20.0,37.0,10
Neil Johnson,367.0,45.88,67.94,1,4,132.0,496.0,62
Neil McCallum,25.0,12.5,30.29,0,0,24.0,64.0,32
Neil Smith,69.0,23.0,75.62,0,0,31.0,88.0,30
Niall O'Brien,620.0,29.52,71.05,0,5,79.0,827.0,40
Nicholas Ifill,16.0,8.0,39.4,0,0,9.0,43.0,22
Nicholas Pooran,367.0,45.88,96.73,1,3,118.0,366.0,46
Nicholas de Groot,44.0,7.33,18.92,0,0,17.0,127.0,22
Nick Dyer,3.0,0.75,12.5,0,0,2.0,14.0,4
Nick Knight,103.0,20.6,63.15,0,1,51.0,134.0,27
Nick Statham,7.0,3.5,10.0,0,0,7.0,44.0,22
Nicky Boje,54.0,27.0,89.19,0,0,29.0,62.0,31
Nikita Miller,16.0,8.0,120.23,0,0,11.0,13.0,7
Nitish Kumar,10.0,3.33,21.42,0,0,7.0,41.0,14
Nixon McLean,5.0,5.0,71.42,0,0,5.0,7.0,7
Nolan Clarke,50.0,10.0,30.32,0,0,32.0,112.0,23
Noor Ahmad,26.0,26.0,81.25,0,0,26.0,32.0,32
Noor Ali Zadran,63.0,21.0,45.58,0,0,32.0,103.0,35
Nuwan Kulasekara,94.0,11.75,93.94,0,0,32.0,98.0,13
Nuwan Pradeep,1.0,0.33,33.33,0,0,1.0,12.0,4
Oliver Pitcher,28.0,9.33,22.74,0,0,22.0,81.0,27
Omar Henry,11.0,11.0,84.61,0,0,11.0,13.0,13
Oshane Thomas,13.0,2.17,20.96,0,0,6.0,47.0,8
Ottis Gibson,7.0,3.5,85.0,0,0,6.0,7.0,4
Parbhu Nana,9.0,3.0,11.74,0,0,8.0,45.0,15
Pat Cummins,186.0,10.94,73.71,0,0,37.0,284.0,17
Pat Symcox,25.0,12.5,72.5,0,0,24.0,24.0,12
Pathum Nissanka,332.0,36.89,65.2,0,4,77.0,371.0,42
Patrick Patterson,4.0,2.0,25.0,0,0,4.0,12.0,6
Paul Adams,10.0,10.0,71.42,0,0,10.0,14.0,14
Paul Allott,8.0,2.67,19.05,0,0,8.0,15.0,5
Paul Collingwood,474.0,26.33,77.46,0,3,90.0,604.0,34
Paul Downton,19.0,3.8,50.73,0,0,9.0,32.0,7
Paul Hoffmann,25.0,8.33,83.71,0,0,18.0,19.0,7
Paul Mooney,0.0,0.0,0.0,0,0,0.0,1.0,1
Paul Nixon,193.0,24.12,118.01,0,0,42.0,194.0,25
Paul Reiffel,28.0,4.67,62.92,0,0,13.0,42.0,7
Paul Stirling,316.0,26.33,86.87,1,2,101.0,287.0,24
Paul Strang,109.0,12.11,55.95,0,0,29.0,166.0,19
Paul van Meekeren,26.0,3.25,62.08,0,0,7.0,54.0,7
Paul-Jan Bakker,1.0,1.0,25.0,0,0,1.0,4.0,4
Pedro Collins,1.0,1.0,100.0,0,0,1.0,1.0,1
Pervez Mir,8.0,4.0,50.79,0,0,4.0,16.0,8
Peter Borren,199.0,24.88,76.57,0,1,84.0,216.0,27
Peter Cantrell,160.0,32.0,54.47,0,0,47.0,307.0,62
Peter Fulton,297.0,37.12,59.14,0,2,83.0,424.0,53
Peter Gillespie,2.0,2.0,25.0,0,0,2.0,8.0,8
Peter Handscomb,4.0,4.0,33.33,0,0,4.0,12.0,12
Peter Kirsten,410.0,51.25,67.1,0,4,90.0,616.0,77
Peter Lever,5.0,5.0,38.46,0,0,5.0,13.0,13
Peter Martin,6.0,1.5,31.55,0,0,3.0,15.0,4
Peter Ongondo,97.0,8.08,81.96,0,0,24.0,136.0,12
Peter Rawson,80.0,10.0,53.1,0,0,24.0,123.0,16
Peter Taylor,34.0,4.86,84.55,0,0,17.0,34.0,5
Phil DeFreitas,184.0,14.15,92.02,0,1,67.0,186.0,15
Phil Edmonds,7.0,3.5,35.59,0,0,5.0,31.0,16
Phil Horne,18.0,18.0,51.42,0,0,18.0,35.0,35
Phil Simmons,336.0,30.55,59.03,1,3,110.0,450.0,41
Phil Tufnell,3.0,1.5,30.0,0,0,3.0,5.0,3
Pieter Seelaar,3.0,0.6,12.0,0,0,2.0,17.0,4
Piyush Chawla,2.0,2.0,50.0,0,0,2.0,4.0,4
Pommie Mbangwa,0.0,0.0,0.0,0,0,0.0,1.0,1
Prabath Nissanka,2.0,1.0,4.34,0,0,2.0,27.0,14
Praful Mehta,12.0,12.0,29.26,0,0,12.0,41.0,41
Pramodya Wickramasinghe,53.0,6.62,48.33,0,0,21.0,91.0,12
Pravin Amre,27.0,9.0,73.65,0,0,22.0,40.0,14
Preston Mommsen,148.0,24.67,51.4,0,1,60.0,194.0,33
Prosper Utseya,128.0,16.0,88.4,0,0,36.0,196.0,25
Pulasthi Gunaratne,15.0,15.0,100.0,0,0,15.0,15.0,15
Qaiser Ali,6.0,6.0,37.5,0,0,6.0,16.0,16
Quinton de Kock,1044.0,38.67,83.53,4,8,174.0,1081.0,41
Rachin Ravindra,578.0,57.8,94.57,3,5,123.0,543.0,55
Rahat Ali,7.0,3.5,22.62,0,0,6.0,27.0,14
Rahmanullah Gurbaz,280.0,31.11,83.86,0,2,80.0,283.0,32
Rahmat Shah,574.0,31.89,61.25,0,4,77.0,809.0,45
Rahul Dravid,860.0,40.95,85.82,2,8,145.0,1147.0,55
Rajab Ali,6.0,3.0,15.79,0,0,6.0,19.0,10
Rakep Patel,46.0,11.5,55.03,0,0,24.0,73.0,19
Ramesh Sethi,54.0,18.0,30.5,0,0,30.0,185.0,62
Ramiz Raja,700.0,43.75,61.62,3,5,119.0,1092.0,69
Ramnaresh Sarwan,739.0,36.95,76.83,0,3,92.0,974.0,49
Rangana Herath,17.0,8.5,54.21,0,0,13.0,29.0,15
Ranjan Madugalle,193.0,19.3,50.49,0,1,60.0,350.0,35
Ranjit Fernando,47.0,15.67,79.63,0,0,22.0,66.0,22
Raqibul Hasan,70.0,17.5,44.65,0,0,38.0,116.0,29
Rashid Khan,219.0,13.69,88.35,0,0,35.0,236.0,15
Rashid Latif,148.0,21.14,82.78,0,0,36.0,133.0,19
Rassie van der Dussen,759.0,47.44,74.35,2,7,133.0,874.0,55
Ravi Bopara,306.0,25.5,78.27,0,2,60.0,427.0,36
Ravi Rampaul,1.0,0.5,12.5,0,0,1.0,9.0,5
Ravi Ratnayeke,52.0,10.4,48.46,0,0,22.0,111.0,23
Ravi Shah,500.0,29.41,50.39,0,4,71.0,820.0,49
Ravi Shastri,185.0,16.82,70.42,0,1,57.0,342.0,32
Ravichandran Ashwin,40.0,6.67,88.55,0,0,16.0,61.0,11
Ravindra Jadeja,254.0,23.09,104.67,0,1,77.0,236.0,22
Ray Price,37.0,9.25,81.05,0,0,11.0,59.0,15
Reece Topley,16.0,5.33,88.09,0,0,15.0,9.0,3
Reeza Hendricks,97.0,48.5,88.24,0,1,85.0,94.0,47
Regis Chakabva,114.0,12.67,45.69,0,0,35.0,205.0,23
Reinout Scholte,16.0,5.33,26.31,0,0,8.0,56.0,19
Reon King,1.0,1.0,3.33,0,0,1.0,30.0,30
Riaan Walters,0.0,0.0,0.0,0,0,0.0,5.0,3
Ricardo Powell,117.0,19.5,112.06,0,1,50.0,90.0,15
Richard Collinge,8.0,4.0,75.0,0,0,6.0,10.0,5
Richard Hadlee,149.0,14.9,62.6,0,0,42.0,244.0,25
Richard Illingworth,31.0,6.2,94.0,0,0,14.0,37.0,8
Richard Snell,24.0,6.0,116.88,0,0,11.0,20.0,5
Richie Berrington,139.0,23.17,81.56,0,1,50.0,183.0,31
Richie Richardson,639.0,31.95,49.22,1,5,110.0,1016.0,51
Rick Darling,51.0,17.0,58.08,0,0,25.0,102.0,34
Rick McCosker,113.0,28.25,32.16,0,1,73.0,240.0,60
Ricky Ponting,1743.0,41.5,74.1,5,11,140.0,2180.0,52
Ridley Jacobs,270.0,33.75,57.61,0,3,80.0,500.0,63
Rilee Rossouw,210.0,42.0,117.55,0,2,61.0,180.0,36
Rishabh Pant,116.0,29.0,96.14,0,0,48.0,130.0,33
Rizwan Cheema,76.0,12.67,96.08,0,0,37.0,72.0,12
Rob Taylor,7.0,2.33,38.89,0,0,4.0,18.0,6
Robert Callender,0.0,0.0,0.0,0,0,0.0,5.0,3
Robert Croft,12.0,12.0,48.0,0,0,12.0,25.0,25
Robert Kennedy,2.0,2.0,66.66,0,0,2.0,3.0,3
Robert van Oosterom,7.0,3.5,41.66,0,0,5.0,19.0,10
Robin Brown,110.0,15.71,26.86,0,0,38.0,334.0,48
Robin Peterson,55.0,7.86,95.76,0,0,22.0,53.0,8
Robin Singh,157.0,26.17,76.14,0,1,75.0,195.0,33
Robin Smith,293.0,29.3,46.23,0,2,91.0,466.0,47
Robin Uthappa,30.0,10.0,64.87,0,0,18.0,48.0,16
Rod Latham,136.0,19.43,54.72,0,1,60.0,218.0,32
Rod Marsh,209.0,20.9,79.26,0,2,52.0,232.0,24
Rodney Hogg,29.0,5.8,50.6,0,0,19.0,43.0,9
Roelof van der Merwe,68.0,8.5,69.97,0,0,29.0,85.0,11
Roger Binny,73.0,10.43,33.21,0,0,27.0,139.0,20
Roger Harper,118.0,9.08,83.21,0,0,24.0,155.0,12
Roger Twose,493.0,32.87,63.05,0,4,92.0,663.0,45
Rohan Kanhai,54.0,18.0,59.45,0,0,24.0,93.0,31
Rohan Mustafa,8.0,2.0,26.38,0,0,4.0,29.0,8
Rohit Sharma,1575.0,56.25,96.31,7,13,140.0,1493.0,54
Roland Holder,5.0,2.5,27.77,0,0,5.0,12.0,6
Roland Lefebvre,135.0,15.0,70.07,0,0,45.0,197.0,22
Romesh Kaluwitharana,163.0,14.82,87.42,0,1,57.0,178.0,17
Ronnie Irani,12.0,6.0,85.71,0,0,12.0,9.0,5
Roshan Mahanama,596.0,28.38,59.88,0,5,89.0,1054.0,51
Ross Edwards,138.0,46.0,54.49,0,2,80.0,171.0,57
Ross Taylor,1002.0,33.4,63.08,1,7,131.0,1354.0,46
Roy Dias,310.0,31.0,46.33,0,3,80.0,537.0,54
Roy Fredericks,109.0,27.25,73.5,0,1,58.0,168.0,42
Rubel Hossain,20.0,2.22,31.93,0,0,9.0,40.0,5
Rudi van Vuuren,26.0,5.2,34.74,0,0,14.0,38.0,8
Rumesh Ratnayake,81.0,10.12,67.75,0,0,20.0,116.0,15
Russel Arnold,210.0,12.35,75.2,0,1,50.0,314.0,19
Ruvindu Gunasekera,53.0,10.6,38.55,0,0,24.0,124.0,25
Ruwan Kalpage,67.0,11.17,67.9,0,0,14.0,111.0,19
Ryan Klein,8.0,8.0,53.33,0,0,8.0,15.0,15
Ryan Watson,53.0,17.67,45.08,0,0,31.0,107.0,36
Ryan ten Doeschate,435.0,48.33,76.21,2,5,119.0,492.0,55
Sabbir Rahman,218.0,27.25,86.69,0,1,53.0,222.0,28
Sachin Tendulkar,2278.0,51.77,79.97,6,21,152.0,2560.0,59
Sachithra Senanayake,7.0,7.0,87.5,0,0,7.0,8.0,8
Sadagoppan Ramesh,144.0,28.8,75.27,0,1,55.0,219.0,44
Sadeera Samarawickrama,373.0,41.44,87.27,1,3,108.0,365.0,41
Sadiq Mohammad,189.0,27.0,46.68,0,2,74.0,352.0,51
Saeed Ajmal,1.0,0.5,10.0,0,0,1.0,10.0,5
Saeed Anwar,915.0,43.57,78.6,3,6,113.0,1157.0,56
Sajid Mahmood,2.0,0.5,25.0,0,0,2.0,5.0,2
Saleem Elahi,102.0,25.5,85.69,0,1,63.0,150.0,38
Saleem Jaffar,9.0,3.0,27.78,0,0,8.0,21.0,7
Saleem Malik,591.0,25.7,71.57,1,5,100.0,715.0,32
Saleem Mukuddem,0.0,0.0,0.0,0,0,0.0,4.0,2
Saleem Raza,137.0,34.25,97.32,0,1,84.0,136.0,34
Saleem Yousuf,112.0,18.67,127.94,0,1,56.0,91.0,16
Salman Agha,51.0,51.0,113.33,0,1,51.0,45.0,45
Sam Curran,35.0,11.67,63.49,0,0,14.0,57.0,19
Samiullah Shinwari,328.0,36.44,62.8,0,2,96.0,536.0,60
Samuel Walusimbi,38.0,12.67,29.31,0,0,16.0,126.0,42
Sanath Jayasuriya,1165.0,31.49,79.55,3,9,120.0,1285.0,35
Sandeep Gupta,1.0,0.5,7.14,0,0,1.0,8.0,4
Sandeep Patil,216.0,27.0,76.5,0,2,51.0,240.0,30
Sanjay Manjrekar,295.0,26.82,59.24,0,1,62.0,441.0,41
Sanjayan Thuraisingam,25.0,8.33,70.95,0,0,13.0,39.0,13
Sanuar Hossain,63.0,10.5,85.65,0,0,25.0,86.0,15
Saqib Zulfiqar,13.0,6.5,37.77,0,0,10.0,33.0,17
Saqlain Haider,7.0,7.0,58.33,0,0,7.0,12.0,12
Saqlain Mushtaq,56.0,5.6,42.15,0,0,21.0,121.0,13
Sarel Burger,11.0,5.5,67.86,0,0,6.0,20.0,10
Sarfaraz Ahmed,303.0,27.55,91.58,1,2,101.0,353.0,33
Sarfraz Nawaz,65.0,8.12,55.77,0,0,17.0,88.0,11
Saud Shakeel,241.0,34.43,91.82,0,2,68.0,246.0,36
Sayed Shirzad,25.0,25.0,147.05,0,0,25.0,17.0,17
Scott Edwards,259.0,28.78,66.91,0,2,78.0,298.0,34
Scott Styris,909.0,41.32,86.66,2,8,141.0,1026.0,47
Sean Davies,9.0,9.0,25.71,0,0,9.0,35.0,35
Sean Ervine,43.0,21.5,142.28,0,0,31.0,33.0,17
Sean Williams,492.0,44.73,100.82,0,5,96.0,486.0,45
Seekkuge Prasanna,12.0,6.0,70.91,0,0,9.0,16.0,8
Seren Waters,38.0,9.5,45.83,0,0,17.0,90.0,23
Shadab Khan,164.0,14.91,93.05,0,0,43.0,159.0,15
Shafiqullah,30.0,30.0,46.87,0,0,30.0,64.0,64
Shafiuddin Ahmed,2.0,2.0,66.66,0,0,2.0,3.0,3
Shafiul Islam,26.0,5.2,22.35,0,0,24.0,50.0,10
Shahadat Hossain,0.0,0.0,0.0,0,0,0.0,2.0,2
Shaheen Shah Afridi,56.0,7.0,66.08,0,0,25.0,66.0,9
Shahid Afridi,325.0,13.54,110.5,0,0,37.0,289.0,13
Shahid Mahboob,100.0,33.33,58.65,0,1,77.0,167.0,56
Shahriar Hossain,41.0,13.67,35.0,0,0,39.0,68.0,23
Shahriar Nafees,73.0,9.12,36.27,0,0,37.0,148.0,19
Shai Hope,274.0,34.25,57.24,0,3,96.0,389.0,49
Shaiman Anwar,311.0,51.83,82.97,1,3,106.0,340.0,57
Shakib Al Hasan,1332.0,37.0,68.9,2,13,124.0,1619.0,45
Shane Bond,7.0,1.4,24.0,0,0,3.0,25.0,5
Shane Lee,11.0,5.5,57.5,0,0,9.0,18.0,9
Shane Thomson,101.0,20.2,75.64,0,0,31.0,147.0,30
Shane Warne,66.0,7.33,56.69,0,0,24.0,72.0,8
Shane Watson,643.0,33.84,113.76,0,6,94.0,595.0,32
Shannon Gabriel,3.0,1.5,21.43,0,0,3.0,10.0,5
Shapoor Zadran,17.0,3.4,74.0,0,0,12.0,21.0,5
Shariz Ahmad,6.0,6.0,75.0,0,0,6.0,8.0,8
Shaukat Dukanwala,84.0,21.0,67.83,0,0,40.0,139.0,35
Shaun Marsh,26.0,13.0,60.89,0,0,23.0,35.0,18
Shaun Pollock,279.0,13.95,68.72,0,1,52.0,369.0,19
Shaun Tait,0.0,0.0,0.0,0,0,0.0,1.0,1
Sheldon Cottrell,33.0,6.6,60.54,0,0,15.0,47.0,10
Shem Ngoche,0.0,0.0,0.0,0,0,0.0,3.0,1
Sherwin Campbell,112.0,14.0,37.18,0,0,47.0,249.0,32
Shikhar Dhawan,537.0,53.7,81.79,3,4,137.0,570.0,57
Shimron Hetmyer,257.0,32.12,102.53,0,2,54.0,253.0,32
Shiraz Sumar,4.0,4.0,36.36,0,0,4.0,11.0,11
Shivnarine Chanderpaul,970.0,34.64,63.31,1,8,102.0,1561.0,56
Shoaib Akhtar,76.0,8.44,68.71,0,0,43.0,68.0,8
Shoaib Malik,100.0,16.67,52.74,0,1,62.0,122.0,21
Shoaib Mohammad,0.0,0.0,0.0,0,0,0.0,1.0,1
Shoriful Islam,28.0,4.67,93.45,0,0,12.0,28.0,5
Shreyas Iyer,530.0,48.18,96.67,2,5,128.0,468.0,43
Shubman Gill,354.0,39.33,103.16,0,4,92.0,331.0,37
Sidath Wettimuny,128.0,21.33,38.43,0,1,50.0,317.0,53
Sikandar Raza,125.0,20.83,96.02,0,0,46.0,126.0,21
Sikander Bakht,3.0,1.5,17.76,0,0,2.0,23.0,12
Simon O'Donnell,15.0,3.75,36.82,0,0,7.0,33.0,9
Sohaib Maqsood,153.0,25.5,76.72,0,1,50.0,176.0,30
Sohail Khan,21.0,4.2,52.95,0,0,7.0,42.0,9
Solomon Mire,64.0,12.8,59.86,0,0,27.0,104.0,21
Somachandra De Silva,148.0,14.8,43.72,0,0,35.0,298.0,30
Soumya Sarkar,341.0,24.36,91.7,0,1,51.0,362.0,26
Sourav Ganguly,1006.0,47.9,66.15,4,7,183.0,1298.0,62
Sridharan Jeganathan,24.0,8.0,58.58,0,0,20.0,35.0,12
Srinivas Venkataraghavan,49.0,12.25,59.54,0,0,26.0,99.0,25
Stanley De Silva,10.0,10.0,28.57,0,0,10.0,35.0,35
Stefan Swanepoel,43.0,8.6,43.36,0,0,23.0,94.0,19
Stephen Boock,19.0,6.33,79.17,0,0,12.0,16.0,6
Stephen Fleming,1075.0,32.58,76.49,2,7,134.0,1398.0,43
Stephen Peall,9.0,4.5,32.14,0,0,9.0,18.0,9
Steve Elworthy,25.0,8.33,58.05,0,0,23.0,47.0,16
Steve Palframan,45.0,15.0,63.1,0,0,28.0,64.0,22
Steve Tikolo,768.0,28.44,59.51,0,8,96.0,1128.0,42
Steve Waugh,978.0,32.6,79.11,1,7,120.0,1207.0,41
Steven Finn,2.0,0.67,38.89,0,0,1.0,15.0,5
Steven Lubbers,24.0,6.0,84.7,0,0,9.0,37.0,10
Steven Outerbridge,9.0,4.5,28.12,0,0,9.0,20.0,10
Steven Smith,1136.0,37.87,87.32,1,11,105.0,1304.0,44
Stuart Broad,18.0,3.0,48.33,0,0,9.0,28.0,5
Stuart Carlisle,62.0,12.4,54.95,0,0,27.0,106.0,22
Stuart Law,204.0,34.0,94.38,0,1,72.0,238.0,40
Stuart Matsikenyeri,127.0,25.4,68.65,0,1,73.0,154.0,31
Stuart Thompson,14.0,7.0,90.0,0,0,12.0,17.0,9
Stuart Williams,17.0,5.67,33.33,0,0,14.0,35.0,12
Subroto Banerjee,36.0,18.0,139.24,0,0,25.0,25.0,13
Sudath Pasqual,24.0,12.0,69.23,0,0,23.0,28.0,14
Sulieman Benn,26.0,3.71,110.71,0,0,9.0,42.0,6
Sultan Zarawani,16.0,4.0,32.64,0,0,13.0,36.0,9
Sunil Ambris,36.0,18.0,80.41,0,0,31.0,46.0,23
Sunil Dhaniram,81.0,27.0,92.5,0,0,34.0,87.0,29
Sunil Gavaskar,561.0,29.53,60.27,1,5,103.0,978.0,52
Sunil Jayasinghe,1.0,1.0,33.33,0,0,1.0,3.0,3
Sunil Wettimuny,136.0,45.33,62.6,0,2,67.0,242.0,81
Suranga Lakmal,34.0,8.5,70.45,0,0,15.0,50.0,13
Suresh Raina,358.0,39.78,98.59,1,3,110.0,333.0,37
Surinder Khanna,17.0,5.67,34.19,0,0,10.0,45.0,15
Suryakumar Yadav,106.0,15.14,108.43,0,0,49.0,105.0,15
Swapnil Patil,140.0,23.33,47.66,0,1,57.0,253.0,43
Sybrand Engelbrecht,300.0,37.5,65.35,0,2,70.0,450.0,57
Syed Abid Ali,70.0,70.0,71.42,0,1,70.0,98.0,98
Syed Kirmani,61.0,10.17,37.93,0,0,24.0,146.0,25
Syed Rasel,16.0,4.0,67.73,0,0,10.0,34.0,9
Tabraiz Shamsi,9.0,3.0,62.22,0,0,4.0,15.0,5
Tafadzwa Kamungozi,6.0,3.0,33.33,0,0,6.0,9.0,5
Tahir Naqqash,0.0,0.0,0.0,0,0,0.0,0.0,0
Talha Jubair,4.0,4.0,50.0,0,0,4.0,8.0,8
Tamim Iqbal,718.0,24.76,61.64,0,4,95.0,982.0,34
Tanmay Mishra,170.0,21.25,43.44,0,2,72.0,261.0,33
Tanzid Hasan,145.0,16.11,83.49,0,1,51.0,152.0,17
Tanzim Hasan Sakib,5.0,5.0,83.33,0,0,5.0,6.0,6
Tapash Baisya,7.0,2.33,25.44,0,0,5.0,31.0,11
Tariq Iqbal,17.0,8.5,27.5,0,0,16.0,52.0,26
Tariq Javed,15.0,5.0,26.5,0,0,8.0,77.0,26
Taskin Ahmed,50.0,6.25,32.55,0,0,17.0,97.0,13
Tatenda Taibu,306.0,25.5,62.52,0,3,98.0,443.0,37
Taufeeq Umar,91.0,30.33,61.73,0,0,48.0,146.0,49
Tauseef Ahmed,1.0,0.5,16.66,0,0,1.0,4.0,2
Tawanda Mupariwa,19.0,4.75,76.78,0,0,18.0,14.0,4
Teja Nidamanuru,164.0,23.43,87.05,0,1,54.0,167.0,24
Temba Bavuma,145.0,18.12,75.59,0,0,35.0,197.0,25
Tendai Chatara,23.0,4.6,46.91,0,0,16.0,35.0,7
Terry Duffin,12.0,12.0,54.54,0,0,12.0,22.0,22
Tharindu Kaushal,0.0,0.0,0.0,0,0,0.0,1.0,1
Thilan Samaraweera,110.0,15.71,82.13,0,0,34.0,149.0,22
Thisara Perera,167.0,11.93,116.68,0,0,47.0,138.0,10
Thomas Odoyo,463.0,20.13,65.29,0,1,51.0,680.0,30
Tillakaratne Dilshan,1112.0,44.48,83.11,4,8,161.0,1196.0,48
Tim Bresnan,41.0,8.2,80.92,0,0,20.0,50.0,10
Tim May,16.0,5.33,83.33,0,0,15.0,13.0,5
Tim Robinson,142.0,20.29,46.7,0,1,55.0,254.0,37
Tim Southee,60.0,6.67,73.04,0,0,12.0,76.0,9
Tim de Leede,223.0,17.15,44.9,0,1,58.0,377.0,29
Tinashe Panyangara,33.0,4.71,61.45,0,0,10.0,64.0,10
Tito Odumbe,54.0,10.8,39.74,0,0,20.0,130.0,26
Tom Cooper,174.0,29.0,69.34,0,1,55.0,259.0,44
Tom Hogan,24.0,6.0,63.05,0,0,11.0,30.0,8
Tom Latham,310.0,18.24,64.26,0,3,68.0,386.0,23
Tom Moody,329.0,20.56,67.92,0,3,57.0,449.0,29
Tom de Grooth,50.0,10.0,45.72,0,0,28.0,88.0,18
Tony Greig,29.0,7.25,44.58,0,0,9.0,69.0,18
Tony Opatha,29.0,9.67,42.59,0,0,18.0,55.0,19
Tony Suji,28.0,5.6,59.22,0,0,14.0,54.0,11
Towhid Hridoy,164.0,27.33,117.15,0,1,74.0,210.0,35
Travis Friend,21.0,21.0,105.0,0,0,21.0,20.0,20
Travis Head,329.0,54.83,101.15,2,3,137.0,258.0,43
Trent Boult,31.0,3.1,52.5,0,0,10.0,47.0,5
Trent Johnston,171.0,14.25,89.24,0,0,30.0,190.0,16
Trevor Chappell,139.0,34.75,58.88,1,1,110.0,179.0,45
Trevor Laughlin,8.0,8.0,36.36,0,0,8.0,22.0,22
Tushar Imran,57.0,28.5,48.38,0,0,48.0,105.0,53
Tyson Gordon,23.0,5.75,44.32,0,0,9.0,53.0,14
Umar Akmal,404.0,31.08,81.27,0,2,71.0,480.0,37
Umar Bhatti,11.0,5.5,42.86,0,0,10.0,30.0,15
Umar Gul,49.0,8.17,71.17,0,0,34.0,52.0,9
Umesh Yadav,0.0,0.0,0.0,0,0,0.0,5.0,5
Upul Chandana,9.0,4.5,20.45,0,0,9.0,23.0,12
Upul Tharanga,697.0,33.19,63.66,2,6,133.0,923.0,44
Usama Mir,0.0,0.0,0.0,0,0,0.0,3.0,3
Usman Ghani,12.0,6.0,31.57,0,0,12.0,22.0,11
Usman Khawaja,316.0,35.11,90.37,0,2,89.0,358.0,40
Vanburn Holder,16.0,16.0,57.14,0,0,16.0,28.0,28
Vasbert Drakes,42.0,10.5,60.24,0,0,25.0,70.0,18
Venkatapathy Raju,4.0,1.33,58.33,0,0,3.0,5.0,2
Venkatesh Prasad,4.0,0.8,17.78,0,0,2.0,15.0,3
Vernon Philander,10.0,5.0,83.33,0,0,10.0,8.0,4
Vic Marks,18.0,6.0,59.26,0,0,8.0,38.0,13
Vijay Mehra,44.0,11.0,35.3,0,0,29.0,112.0,28
Vijay Shankar,58.0,19.33,81.47,0,0,29.0,75.0,25
Vikramjit Singh,98.0,16.33,52.37,0,1,52.0,150.0,25
Vince Hogg,7.0,7.0,36.84,0,0,7.0,19.0,19
Vinod Kambli,205.0,18.64,52.65,1,1,106.0,284.0,26
Vinothen John,46.0,5.11,47.29,0,0,15.0,85.0,10
Virat Kohli,1795.0,48.51,79.34,5,17,117.0,2035.0,55
Virender Sehwag,843.0,38.32,93.98,2,5,175.0,794.0,37
Viv Richards,1008.0,50.4,76.82,3,8,181.0,1180.0,59
Vusi Sibanda,134.0,26.8,48.67,0,2,67.0,163.0,33
Wahab Riaz,179.0,12.79,133.28,0,1,54.0,171.0,13
Wajahatullah Wasti,151.0,30.2,46.01,0,1,84.0,266.0,54
Waqar Younis,32.0,5.33,59.92,0,0,11.0,64.0,11
Warren Lees,88.0,14.67,80.09,0,0,26.0,110.0,19
Wasim Akram,426.0,14.2,93.91,0,0,43.0,421.0,15
Wasim Bari,87.0,10.88,61.88,0,0,34.0,166.0,21
Wasim Haider,26.0,13.0,41.21,0,0,13.0,70.0,35
Wasim Raja,154.0,19.25,66.67,0,1,58.0,203.0,26
Wavell Hinds,108.0,18.0,72.31,0,1,64.0,134.0,23
Wayne Daniel,16.0,16.0,133.33,0,0,16.0,12.0,12
Wayne James,35.0,11.67,50.29,0,0,17.0,79.0,27
Wayne Larkins,7.0,3.5,9.46,0,0,7.0,38.0,19
Wayne Parnell,17.0,8.5,30.36,0,0,17.0,29.0,15
Wesley Barresi,236.0,23.6,61.64,0,0,44.0,344.0,35
Will Young,206.0,34.33,68.42,0,2,70.0,246.0,41
William Porterfield,627.0,29.86,46.25,1,5,107.0,1058.0,51
Willie Watson,29.0,5.8,63.96,0,0,12.0,52.0,11
Winston Benjamin,69.0,6.9,94.33,0,0,24.0,81.0,9
Winston Davis,0.0,0.0,0.0,0,0,0.0,2.0,2
Xavier Doherty,0.0,0.0,0.0,0,0,0.0,1.0,1
Yashpal Sharma,240.0,30.0,63.21,0,2,89.0,375.0,47
Yasir Shah,13.0,13.0,56.52,0,0,13.0,23.0,23
Younis Khan,349.0,19.39,51.5,0,2,72.0,493.0,28
Yunus Badat,1.0,0.5,12.5,0,0,1.0,7.0,4
Yusuf Pathan,74.0,12.33,100.0,0,0,30.0,64.0,11
Yuvraj Singh,738.0,35.14,83.8,1,8,113.0,817.0,39
Yuzvendra Chahal,5.0,5.0,100.0,0,0,5.0,5.0,5
Zaheer Abbas,597.0,42.64,61.11,1,5,103.0,762.0,55
Zaheer Khan,52.0,4.73,60.77,0,0,15.0,70.0,7
Zahid Fazal,13.0,6.5,24.52,0,0,11.0,50.0,25
Zubin Surkari,104.0,17.33,41.88,0,0,34.0,231.0,39
Zulfiqar Ali,39.0,13.0,44.34,0,0,30.0,76.0,26
Zunaed Siddique,114.0,19.0,65.97,0,0,37.0,159.0,27
