Player,No. of Wickets,Bowling Average,Average ECON,Average Strike Rate,Total Five Wicket Hauls,Average Balls,Total Overs
AB de Villiers,4,14.38,5.67,14.25,0,21.0,14.0
Aamer Sohail,8,12.31,5.05,17.08,0,39.69,86.0
Aaqib Javed,18,20.63,4.07,27.97,0,49.73,123.8
Aaron Finch,1,6.5,6.75,6.0,0,9.0,3.0
Aashish Kapoor,1,20.5,4.05,30.0,0,60.0,20.0
Aasif Karim,8,13.02,4.81,18.76,0,45.57,106.2
Abdool Samad,2,20.67,8.69,15.33,0,21.33,10.399999999999999
Abdul Qadir,24,9.92,3.77,16.88,1,62.62,135.4
Abdul Razzaq,19,9.84,4.51,16.76,0,40.0,140.0
Abdur Razzak,20,18.36,4.88,23.69,0,48.67,121.4
Abdur Rehman,3,31.4,4.25,36.0,0,54.0,45.0
Adam Dale,1,9.0,3.55,15.0,0,45.0,15.0
Adam Hollioake,1,7.0,5.1,12.0,0,36.0,18.0
Adam Huckle,1,21.5,3.9,30.0,0,60.0,20.0
Adam Milne,5,22.17,5.19,24.33,0,39.33,39.2
Adam Zampa,28,26.18,5.83,27.43,0,51.6,129.0
Adeel Raja,6,5.67,5.75,6.71,0,45.67,45.0
Adil Rashid,26,18.0,5.68,21.2,0,51.5,171.4
Adrian Kuiper,9,7.54,7.02,9.0,0,30.75,41.0
Aftab Ahmed,1,3.0,8.25,3.0,0,7.75,5.1
Aftab Alam,6,24.12,5.63,21.33,0,43.75,29.1
Aiden Markram,2,6.43,5.76,10.29,0,26.14,30.3
Ajantha Mendis,7,15.13,3.16,28.93,0,51.2,42.0
Ajay Jadeja,3,6.33,6.65,7.5,0,28.33,28.2
Ajit Agarkar,7,34.61,4.94,39.33,0,56.0,56.0
Ajit de Silva,1,19.5,4.91,36.0,0,57.0,19.0
Ajmal Shahzad,3,7.17,5.46,10.0,0,54.0,18.0
Alan Hurst,7,34.07,3.6,48.0,1,64.0,32.0
Alan Mullally,10,11.65,3.52,21.0,0,60.0,50.0
Alasdair Evans,6,41.0,5.38,45.0,0,60.0,40.0
Alex Cusack,7,8.67,5.64,11.58,0,37.22,55.5
Ali Shah,11,15.68,4.72,21.86,0,44.79,104.3
Alistair Campbell,0,0.0,4.33,0.0,0,18.0,3.0
Allan Border,9,15.29,5.0,19.0,0,36.5,73.0
Allan Donald,38,15.54,4.25,22.59,0,52.52,217.7
Allan Lamb,0,0.0,3.0,0.0,0,6.0,1.0
Alok Kapali,2,3.67,5.37,12.0,0,23.0,23.0
Amjad Javed,7,28.42,6.37,26.33,0,48.0,48.0
Anderson Cummins,14,22.94,4.81,26.56,0,56.0,84.0
Andile Phehlukwayo,12,36.22,5.56,38.94,0,45.89,68.1
Andre Adams,10,35.29,6.37,34.21,0,49.43,57.4
Andre Botha,9,20.91,3.92,30.0,0,45.33,68.0
Andre Nel,12,20.36,4.08,27.0,1,52.33,52.2
Andre Russell,23,18.88,5.67,20.68,0,42.93,100.1
Andrew Flintoff,23,18.82,4.18,26.93,0,47.88,135.0
Andrew Hall,19,15.05,4.36,22.17,1,49.5,98.6
Andrew Jones,2,10.5,4.0,13.5,0,36.0,12.0
Andrew Symonds,5,4.04,5.64,5.0,0,24.67,49.2
Andrew White,3,6.25,5.54,8.0,0,23.17,23.1
Andrew Zesers,1,18.5,5.13,18.0,0,45.0,15.0
Andy Bichel,16,12.52,3.04,17.32,1,42.75,57.0
Andy Blignaut,4,18.42,4.48,24.0,0,57.0,57.0
Andy Caddick,8,11.75,4.01,15.1,0,52.8,44.0
Andy McBrine,3,29.17,5.3,26.0,0,56.0,28.0
Andy McKay,1,37.0,3.76,59.0,0,59.0,9.5
Andy Roberts,26,12.77,3.18,26.06,0,63.67,158.7
Andy Whittall,3,23.83,5.38,28.0,0,54.0,27.0
Angelo Mathews,19,19.19,5.07,22.09,0,33.82,95.5
Angus Fraser,1,9.0,3.7,20.0,0,60.0,30.0
Anil Kumble,31,19.09,4.07,28.46,0,57.72,172.7
Anthony Ireland,1,38.0,5.42,42.0,0,42.0,7.0
Anura Ranasinghe,0,0.0,5.59,0.0,0,30.0,10.0
Arafat Sunny,0,0.0,5.25,0.0,0,48.0,8.0
Aravinda de Silva,16,12.7,5.21,16.36,0,36.82,135.0
Arjuna Ranatunga,6,8.57,6.55,9.8,0,32.47,81.1
Arshad Laeeq,1,6.25,6.56,10.5,0,28.5,19.0
Aryan Dutt,10,23.57,5.57,26.89,0,51.67,77.3
Asanka Gurusinha,7,18.83,6.52,18.0,0,35.33,53.0
Asghar Afghan,0,0.0,7.2,0.0,0,5.0,0.5
Ashantha de Mel,18,24.97,5.19,27.2,2,60.22,90.2
Ashish Nehra,18,9.8,4.02,15.46,1,46.42,92.5
Ashish Patel,3,6.83,8.25,7.0,0,30.0,10.0
Ashley Giles,2,21.0,4.2,30.0,0,60.0,10.0
Ashley Mallett,3,52.0,4.42,70.0,0,70.0,35.0
Ashley Nurse,0,0.0,6.16,0.0,0,42.0,14.0
Asif Iqbal,10,19.97,3.67,29.7,0,70.8,59.0
Asif Masood,2,38.0,3.94,48.0,0,60.0,30.0
Asim Butt,4,17.6,4.24,28.2,0,44.4,37.0
Ata-ur-Rehman,1,40.0,4.0,60.0,0,60.0,10.0
Athula Samarasekera,0,0.0,4.97,0.0,0,49.0,16.2
Austin Codrington,6,12.35,7.54,17.7,1,37.5,25.0
Azhar Mahmood,13,5.56,4.47,10.36,0,50.0,91.4
Azhar Saeed,6,11.1,5.73,17.8,0,37.2,31.0
Azmatullah Omarzai,7,16.67,6.87,14.0,0,25.33,38.0
Babu Meman,0,0.0,4.97,0.0,0,41.0,6.5
Balaji Rao,9,17.71,5.65,22.5,0,54.0,54.0
Balwinder Sandhu,8,22.5,3.59,40.12,0,62.25,83.0
Bandula Warnapura,4,15.25,4.47,22.0,0,54.0,36.0
Barry Seebaran,1,20.33,13.0,14.0,0,36.0,18.0
Barry Wood,0,0.0,1.11,0.0,0,36.0,12.0
Bas de Leede,16,29.15,7.26,24.81,0,50.25,67.0
Ben Stokes,7,4.79,4.92,7.86,0,27.73,50.5
Berend Westdijk,1,18.67,7.43,14.0,0,46.0,23.0
Bernard Julien,10,20.94,2.48,45.0,0,72.0,48.0
Bernard Loots,2,26.0,8.77,24.0,0,41.5,27.4
Beuran Hendricks,0,0.0,5.0,0.0,0,30.0,5.0
Bhuvneshwar Kumar,11,28.0,4.78,30.57,0,48.57,56.4
Bill Athey,0,0.0,10.0,0.0,0,6.0,1.0
Billy Stelling,4,23.5,3.44,32.0,0,48.0,16.0
Bishan Bedi,2,6.8,2.46,28.8,0,72.0,60.0
Bjorn Kotze,3,17.5,6.64,18.0,0,51.6,43.0
Bob Willis,18,19.61,2.57,44.07,0,64.45,117.7
Boyd Rankin,15,24.04,5.79,24.8,0,45.73,114.2
Brad Hodge,1,17.0,2.83,36.0,0,36.0,6.0
Brad Hogg,34,17.67,4.12,27.27,0,47.55,157.5
Bradley Kruger,0,0.0,6.57,0.0,0,21.0,3.3
Brendan Taylor,0,0.0,7.66,0.0,0,18.0,3.0
Brendon Julian,0,0.0,4.77,0.0,0,51.0,17.0
Brett Lee,35,22.06,4.54,28.88,1,48.53,136.9
Brian McKechnie,13,17.33,3.43,27.46,0,67.38,89.5
Brian McMillan,17,12.88,3.69,19.8,0,46.4,116.0
Brian Murphy,5,25.67,5.18,33.5,0,45.0,30.0
Bruce Reid,9,14.82,4.25,23.14,0,52.57,122.0
Bryan Strang,3,11.33,4.49,20.0,0,36.0,18.0
Burton van Rooi,1,8.0,5.79,12.0,0,40.0,20.0
Cameron Cuffy,1,31.0,3.87,48.0,0,48.0,8.0
Cameron Green,0,0.0,5.5,0.0,0,12.0,2.0
Carl Bulfin,0,0.0,5.16,0.0,0,36.0,6.0
Carl Hooper,18,21.76,4.49,30.82,0,54.35,154.0
Carlos Brathwaite,9,9.58,7.49,7.36,0,37.71,44.0
Chamara Silva,0,0.0,4.0,0.0,0,18.0,3.0
Chamika Karunaratne,0,0.0,5.72,0.0,0,36.0,12.0
Chaminda Vaas,49,17.45,3.93,27.18,1,50.65,261.0
Champaka Ramanayake,5,12.06,3.89,23.25,0,48.5,64.4
Chamu Chibhabha,0,0.0,11.0,0.0,0,6.0,1.0
Chandika Hathurusinghe,5,27.12,5.78,33.0,0,51.0,17.0
Charith Asalanka,0,0.0,10.0,0.0,0,6.0,1.0
Charl Langeveldt,14,24.61,5.33,25.56,1,47.33,71.0
Charlie Lock,3,9.5,4.48,15.6,0,38.4,32.0
Chetan Sharma,6,19.62,4.73,26.0,0,54.25,36.1
Chris Broad,0,0.0,6.0,0.0,0,6.0,1.0
Chris Cairns,18,13.47,6.16,17.09,0,38.26,146.0
Chris Gayle,16,14.07,5.35,16.93,0,39.65,131.7
Chris Harris,32,15.81,4.5,21.55,0,43.19,194.2
Chris Jordan,4,18.0,3.98,24.5,0,49.0,16.2
Chris Lewis,7,2.92,4.47,4.78,0,50.67,50.4
Chris Morris,13,24.5,5.22,27.9,0,54.57,63.4
Chris Mpofu,11,29.79,5.59,31.07,0,48.0,56.0
Chris Old,16,19.52,2.58,44.22,0,60.33,90.3
Chris Tremlett,0,0.0,7.23,0.0,0,37.5,12.3
Chris Woakes,31,14.94,5.44,18.47,0,44.42,177.0
Clive Lloyd,2,22.67,3.9,40.0,0,48.0,24.0
Colin Ackermann,5,11.06,5.22,14.89,0,31.56,47.2
Colin Croft,8,23.17,3.27,43.5,0,64.5,43.0
Colin Munro,0,0.0,9.0,0.0,0,6.0,1.0
Colin de Grandhomme,6,14.7,5.38,22.8,0,30.6,51.0
Collins Obuya,14,13.96,5.41,17.27,1,37.0,91.9
Collis King,2,18.5,4.24,33.0,0,48.0,32.0
Corey Anderson,14,12.17,8.03,10.61,0,24.11,35.7
Corey Collymore,6,16.29,4.09,23.0,0,54.29,63.2
Cornelius Henry,2,6.75,3.95,15.0,0,45.0,15.0
Courtney Walsh,27,18.22,3.46,27.24,0,55.76,157.6
Craig Matthews,7,25.5,3.79,39.75,0,59.5,59.3
Craig McDermott,27,21.86,4.01,33.12,1,52.59,149.0
Craig McMillan,3,1.1,5.43,1.43,0,22.71,26.3
Craig White,9,17.57,3.82,27.14,0,44.14,51.3
Craig Wright,1,29.0,5.03,30.0,0,42.0,14.0
Curtly Ambrose,24,13.74,3.06,28.21,0,58.06,164.3
Daan van Bunge,6,3.8,7.8,4.17,0,17.17,17.1
Dale Steyn,23,29.18,4.55,35.4,1,49.29,114.2
Damien Fleming,26,23.42,4.41,32.64,1,50.0,132.4
Damien Martyn,0,0.0,8.88,0.0,0,18.0,6.0
Daniel Vettori,36,14.94,4.18,21.1,0,54.48,280.9
Danish Kaneria,3,34.5,8.5,33.0,0,39.0,13.0
Danny Morrison,8,16.36,5.06,21.45,0,43.09,79.0
Daren Powell,14,13.96,4.42,22.56,0,56.67,85.0
Daren Sammy,9,10.18,5.59,12.31,0,34.15,74.0
Darren Gough,15,17.77,4.52,26.82,0,54.36,99.4
Darren Lehmann,6,7.19,4.86,12.0,0,28.5,38.0
Darron Reekers,1,7.67,6.28,12.0,0,34.0,17.0
Daryl Mitchell,0,0.0,6.5,0.0,0,4.5,1.3
Daryl Tuffey,1,13.67,5.99,20.0,0,42.0,21.0
Daryll Cullinan,0,0.0,3.5,0.0,0,12.0,2.0
Dasun Shanaka,0,0.0,5.8,0.0,0,33.0,11.0
Dave Houghton,1,19.0,9.5,12.0,0,12.0,2.0
Dave Langford-Smith,7,14.11,5.29,21.33,0,44.0,66.0
David Boon,0,0.0,17.0,0.0,0,6.0,1.0
David Hemp,0,0.0,16.0,0.0,0,12.0,2.0
David Hussey,2,15.5,3.4,27.0,0,27.0,9.0
David Tikolo,0,0.0,6.83,0.0,0,16.0,8.0
David Willey,11,17.7,5.06,22.67,0,51.0,51.0
Davis Joseph,5,22.25,6.39,18.75,0,46.5,31.0
Dawlat Zadran,14,25.0,6.7,22.3,0,48.0,80.0
Dayle Hadlee,8,26.12,3.6,39.0,0,69.0,46.0
Dean Jones,0,0.0,5.0,0.0,0,6.0,1.0
Debasis Mohanty,10,23.25,5.18,24.5,0,52.0,52.0
Delyone Borden,2,5.0,7.5,5.0,0,20.0,10.0
Dennis Lillee,11,18.73,3.98,25.05,1,64.5,86.0
Deon Kotze,2,11.17,5.73,18.0,0,47.0,47.0
Derek Pringle,8,4.09,3.89,10.42,0,49.45,90.4
Derek Underwood,2,7.5,1.8,18.0,0,66.0,22.0
Dermot Reeve,9,6.17,4.05,14.4,0,27.2,44.8
Devendra Bishoo,4,19.78,4.33,26.67,0,50.0,25.0
Devon Smith,0,0.0,6.0,0.0,0,5.0,0.5
Dewald Nel,0,0.0,8.0,0.0,0,18.0,3.0
Dhananjaya de Silva,5,2.19,6.65,2.86,0,26.57,62.0
Dilhara Fernando,13,14.21,5.93,14.0,0,36.12,96.2
Dilshan Madushanka,21,17.88,6.79,16.61,1,52.22,77.8
Dimuth Karunaratne,0,0.0,7.0,0.0,0,6.0,1.0
Dinesh Mongia,5,11.33,3.82,16.17,0,32.17,32.1
Dion Nash,9,12.9,4.19,21.15,0,53.54,116.0
Dipak Patel,13,16.41,4.3,25.25,0,52.5,140.0
Dominic Cork,8,30.4,4.58,39.6,0,57.6,48.0
Don Anurasiri,9,24.88,4.41,31.82,0,57.27,105.0
Don Pringle,0,0.0,4.04,0.0,0,45.0,15.0
Doug Walters,1,14.5,5.17,18.0,0,36.0,12.0
Dougie Brown,1,28.67,8.18,18.0,0,30.0,15.0
Dougie Marillier,4,24.88,5.49,36.75,0,45.0,30.0
Douglas Hondo,6,28.88,5.16,31.0,0,37.75,50.2
Duncan Fletcher,7,21.42,4.55,29.75,0,50.17,50.1
Dunith Wellalage,2,44.67,6.66,38.67,0,58.67,29.2
Dushan Hemantha,0,0.0,5.88,0.0,0,48.0,16.0
Dushmantha Chameera,5,18.0,7.65,16.39,0,40.5,40.3
Dwaine Pretorius,5,7.28,4.33,12.67,0,46.0,23.0
Dwayne Bravo,13,24.61,5.78,22.61,0,44.67,66.6
Dwayne Leverock,2,54.33,7.24,40.0,0,47.0,23.3
Dwayne Smith,5,10.33,4.76,13.33,0,30.0,30.0
Ed Rainsford,1,44.0,6.28,42.0,0,42.0,7.0
Eddie Hemmings,13,15.75,4.61,20.71,0,59.5,59.3
Eddo Brandes,16,14.72,5.14,16.62,0,48.44,129.1
Edgar Schiferli,4,17.08,5.53,20.0,0,49.0,49.0
Ehsan Adil,2,31.0,5.31,36.0,0,36.0,12.0
Ehsanul Hoque,2,17.0,3.4,30.0,0,60.0,10.0
Eknath Solkar,0,0.0,8.66,0.0,0,12.0,4.0
Eldine Baptiste,0,0.0,4.12,0.0,0,48.0,8.0
Elijah Otieno,5,25.08,6.95,26.5,0,41.5,41.3
Elton Chigumbura,7,10.22,7.08,11.47,0,26.2,43.0
Enamul Haque,3,10.75,5.5,14.75,0,35.0,23.2
Eric Gouka,1,16.0,13.7,6.0,0,11.0,3.4
Eric Upashantha,1,14.33,5.68,20.0,0,56.0,28.0
Ewen Chatfield,14,22.54,4.29,38.38,0,60.69,131.3
Fabian Allen,1,14.67,6.45,16.0,0,42.0,21.0
Faf du Plessis,1,5.5,5.92,4.5,0,22.5,15.0
Fahad Alhashmi,0,0.0,6.13,0.0,0,44.0,7.2
Fanie de Villiers,2,13.5,3.85,21.0,0,42.0,7.0
Farhaan Behardien,0,0.0,5.75,0.0,0,22.0,11.0
Farveez Maharoof,9,6.33,4.65,11.25,0,44.0,44.0
Fazalhaq Farooqi,6,12.92,5.91,14.5,0,40.0,40.0
Feiko Kloppenburg,7,14.1,5.45,21.0,0,46.0,38.2
Flavian Aponso,2,23.4,6.51,24.0,0,48.4,40.2
Floris Jansen,1,20.0,8.36,21.0,0,27.0,9.0
Frasat Ali,0,0.0,4.27,0.0,0,48.0,24.0
Gary Brent,5,21.34,5.4,25.0,0,60.0,20.0
Gary Cosier,5,8.83,3.27,15.33,0,54.67,27.2
Gary Gilmour,6,2.33,1.16,12.0,1,72.0,12.0
Gary Kirsten,0,0.0,3.0,0.0,0,18.0,3.0
Gary Troup,4,28.67,3.25,54.0,0,64.0,32.0
Gavin Hamilton,3,10.4,6.62,13.0,0,42.8,35.0
Gavin Larsen,18,13.03,3.65,20.53,0,53.68,170.0
Geoff Allott,20,18.03,3.71,29.7,0,58.44,87.4
Geoff Arnold,3,23.33,2.29,59.33,0,59.33,29.4
Geoff Boycott,5,7.7,3.46,17.4,0,32.4,27.0
Geoff Dymock,2,15.0,2.06,40.0,0,62.0,31.0
Geoff Lawson,5,18.67,3.6,28.5,0,57.0,38.0
Geoff Miller,0,0.0,0.5,0.0,0,12.0,2.0
George Codrington,1,70.0,7.0,60.0,0,60.0,10.0
George Dockrell,12,22.31,5.38,26.67,0,47.33,94.4
Gerald Coetzee,20,23.5,6.44,22.06,0,47.62,63.3
Gerrie Snyman,6,20.7,5.87,20.8,0,57.6,48.0
Gladstone Small,11,18.81,4.54,27.69,0,47.54,103.0
Glenn Maxwell,12,13.15,5.76,15.0,0,38.88,155.3
Glenn McGrath,71,19.9,3.93,29.28,2,50.13,324.7
Glenn Phillips,6,3.38,5.71,4.1,0,24.0,40.0
Glenn Rogers,2,33.0,6.34,30.67,0,36.67,18.2
Glenroy Sealy,0,0.0,3.5,0.0,0,36.0,6.0
Graeme Cremer,6,10.89,4.65,16.55,0,46.33,46.2
Graeme Hick,5,11.21,6.08,10.86,0,32.0,37.2
Graeme Labrooy,1,68.0,6.8,60.0,0,60.0,10.0
Graeme Porter,3,13.25,1.91,45.0,0,54.0,18.0
Graeme Smith,4,8.12,6.52,8.62,0,19.5,26.0
Graeme Swann,12,22.02,4.6,30.57,0,58.29,68.0
Graham Dilley,7,11.21,3.71,16.75,0,66.0,66.0
Graham Gooch,1,6.0,4.5,6.86,0,19.71,23.0
Graham Thorpe,0,0.0,6.58,0.0,0,24.0,8.0
Graham Yallop,3,13.33,5.1,19.0,0,44.0,22.0
Grant Elliott,2,2.7,8.7,1.2,0,9.6,8.0
Grant Flower,4,4.08,4.69,8.38,0,29.62,64.1
Greg Chappell,0,0.0,5.05,0.0,0,22.0,11.0
Greg Lamb,4,5.0,4.57,9.0,0,42.0,35.0
Gulbadin Naib,10,19.02,6.43,19.7,0,44.8,74.4
Gus Atkinson,4,17.5,6.04,17.0,0,48.0,24.0
Guy Whittall,11,9.76,5.32,11.94,0,26.5,79.3
Hamid Hassan,9,19.77,4.86,21.82,0,42.0,77.0
Hamilton Masakadza,1,6.5,6.55,6.33,0,16.33,16.2
Hamish Bennett,6,8.88,5.17,7.12,0,36.25,24.1
Hansie Cronje,8,4.84,4.52,5.53,0,23.37,74.0
Harbhajan Singh,20,17.01,4.25,24.3,0,57.7,192.2
Hardik Pandya,15,20.54,6.75,21.62,0,44.08,95.3
Haris Rauf,16,25.48,6.77,22.0,0,52.67,79.0
Haris Sohail,3,10.2,5.91,9.0,0,25.2,21.0
Harvir Baidwan,13,25.7,5.6,29.64,0,55.0,54.6
Hasan Ali,11,34.52,6.96,30.6,0,50.4,84.0
Hasan Mahmud,3,49.25,9.64,33.0,0,42.0,14.0
Hashan Tillakaratne,0,0.0,4.0,0.0,0,6.0,1.0
Hasibul Hossain,3,11.5,4.14,21.0,0,43.5,29.0
Heath Streak,22,13.75,4.64,19.1,0,50.0,175.0
Hedley Howarth,5,8.42,3.71,15.0,0,60.0,40.0
Hendy Bryan,3,22.25,4.02,37.0,0,46.0,15.2
Henk-Jan Mol,2,21.0,7.05,20.0,0,26.0,13.0
Henry Olonga,9,15.59,5.76,15.44,0,28.89,43.2
Henry Osinde,6,12.07,5.81,16.57,0,38.86,44.8
Hiral Patel,0,0.0,19.0,0.0,0,6.0,1.0
Hiren Varaiya,1,6.33,4.7,20.0,0,46.0,23.0
Iain Butchart,12,14.66,5.98,15.12,0,43.88,117.0
Iain Wardlaw,6,42.2,7.56,32.93,0,52.2,42.9
Ian Austin,3,26.75,3.5,42.5,0,56.0,18.4
Ian Bishop,3,7.92,4.31,15.0,0,49.0,49.0
Ian Blackwell,2,18.5,3.7,30.0,0,60.0,10.0
Ian Botham,30,19.91,3.47,35.27,0,60.55,222.0
Ian Bradshaw,2,31.33,5.67,38.0,0,58.0,29.0
Ian Chappell,2,3.5,3.25,6.0,0,21.0,7.0
Ian Harvey,8,5.64,4.36,9.82,0,36.0,35.6
Ian Stanger,0,0.0,6.17,0.0,0,27.0,9.0
Iftikhar Ahmed,4,19.12,5.65,21.0,0,36.0,48.0
Iftikhar Anjum,5,14.59,3.65,25.0,0,60.0,20.0
Ijaz Ahmed,1,3.5,4.49,6.0,0,30.0,40.0
Ijaz Faqih,0,0.0,3.85,0.0,0,44.4,37.0
Imad Wasim,2,4.8,4.9,6.0,0,46.8,39.0
Imran Khan,34,18.58,3.93,30.27,0,53.53,168.9
Imran Tahir,40,17.21,4.37,22.46,1,54.81,191.1
Iqbal Sikander,3,30.25,4.18,40.5,0,52.5,35.0
Irving Romaine,0,0.0,9.66,0.0,0,18.0,3.0
Ish Sodhi,0,0.0,8.41,0.0,0,30.0,10.0
Ishwar Maraj,0,0.0,4.88,0.0,0,27.0,4.3
Isuru Udana,6,18.14,5.89,21.0,0,44.14,51.3
Jacob Oram,36,17.11,4.14,23.14,0,47.57,181.8
Jacob-Jan Esmeijer,0,0.0,4.88,0.0,0,46.5,31.0
Jacques Kallis,21,8.34,4.34,12.0,0,39.56,211.0
James Anderson,27,17.8,5.19,21.24,0,50.16,208.6
James Brinkley,2,24.67,4.26,40.0,0,56.0,28.0
James Faulkner,10,13.11,4.47,16.83,0,41.83,41.5
James Franklin,11,11.09,5.38,14.0,0,36.62,79.2
James Neesham,17,21.75,7.71,18.17,1,34.5,68.6
James Ngoche,2,31.33,5.47,40.0,0,56.0,28.0
James Tredwell,5,12.33,4.9,19.0,0,46.0,23.0
Jamie Dalrymple,0,0.0,6.86,0.0,0,20.0,10.0
Jan-Berrie Burger,3,12.8,7.03,10.8,0,19.2,16.0
Janeiro Tucker,0,0.0,5.7,0.0,0,44.0,22.0
Jason Behrendorff,9,27.66,5.18,28.2,1,53.0,44.1
Jason Gillespie,8,15.21,3.17,26.0,0,45.0,30.0
Jason Holder,17,15.85,5.87,16.2,0,47.67,119.1
Jason Krejza,5,11.43,4.48,16.29,0,53.0,61.5
Jasprit Bumrah,38,19.69,4.08,28.33,0,52.75,175.5
Javagal Srinath,44,17.74,4.36,25.6,0,51.52,282.8
Javed Ahmadi,0,0.0,6.37,0.0,0,19.67,9.5
Javed Miandad,4,20.67,2.88,37.0,0,44.0,22.0
Jean-Paul Duminy,9,10.11,6.38,11.6,0,24.4,61.0
Jeetan Patel,7,8.05,4.51,11.61,0,54.33,54.2
Jeevan Mendis,2,0.5,5.81,1.2,0,19.4,16.1
Jeff Thomson,5,9.14,3.71,20.24,0,55.57,64.5
Jeffrey Vandersay,1,50.0,7.14,42.0,0,42.0,7.0
Jeremy Coney,12,18.48,3.61,34.67,0,59.33,89.0
Jermaine Lawson,2,8.0,2.0,24.0,0,48.0,8.0
Jerome Taylor,23,15.86,5.24,19.64,0,52.07,120.9
Jesse Ryder,1,3.0,6.55,1.6,0,17.0,13.7
Jimmy Adams,3,4.42,5.52,5.0,0,45.0,30.0
Jimmy Hansra,2,2.3,6.96,3.6,0,28.8,24.0
Jimmy Kamande,6,15.05,6.72,15.6,0,40.2,67.0
Jitendra Patel,0,0.0,3.71,0.0,0,45.5,15.1
Joe Root,4,6.61,6.43,7.67,0,19.44,29.1
Joel Garner,13,22.82,3.14,44.77,1,67.5,90.0
Jofra Archer,20,17.67,4.48,25.06,0,55.0,100.5
Johan Botha,4,15.8,4.03,23.4,0,50.4,42.0
Johanne Samarasekera,3,17.2,4.8,21.6,0,40.8,34.0
John Blain,12,11.8,6.33,13.44,0,37.62,50.1
John Bracewell,1,9.43,5.59,10.29,0,50.57,59.0
John Davison,17,18.59,5.19,22.36,0,45.43,106.0
John Emburey,6,12.81,3.74,22.12,0,59.25,79.0
John Jameson,0,0.0,1.5,0.0,0,12.0,2.0
John Mooney,14,19.66,6.76,19.61,0,40.71,95.0
John Morrison,0,0.0,3.9,0.0,0,24.0,8.0
John Nagenda,1,50.0,5.55,54.0,0,54.0,9.0
John Snow,6,5.92,1.8,18.0,0,72.0,36.0
John Traicos,16,17.46,3.68,28.42,0,59.37,188.0
John Valentine,3,22.0,4.73,38.0,0,38.0,19.0
John Vaughan,0,0.0,3.35,0.0,0,33.0,11.0
Joseph Angara,5,21.38,6.56,24.75,0,48.0,32.0
Josh Davey,15,23.39,6.36,22.5,0,50.0,50.0
Josh Hazlewood,23,19.62,4.58,25.16,0,51.0,135.6
Justin Kemp,2,1.8,5.9,2.4,0,15.6,13.0
Kagiso Rabada,24,23.25,5.07,28.38,0,53.24,150.5
Kamran Shazad,1,59.0,7.37,48.0,0,48.0,8.0
Kane Richardson,5,23.34,6.19,22.0,0,53.0,17.4
Kane Williamson,2,10.67,5.16,15.0,0,22.0,22.0
Kapil Dev,28,17.88,3.75,27.94,1,56.88,237.0
Kapila Wijegunawardene,0,0.0,5.55,0.0,0,51.0,17.0
Karsan Ghavri,0,0.0,4.46,0.0,0,64.5,43.0
Kasun Rajitha,10,36.44,7.12,32.81,0,50.25,67.0
Kedar Jadhav,0,0.0,7.33,0.0,0,12.0,6.0
Keith Arthurton,3,6.12,6.28,8.25,0,27.0,36.0
Keith Boyce,6,17.58,3.33,30.25,0,60.0,40.0
Kemar Roach,20,13.24,4.72,17.96,1,46.62,100.2
Ken MacLeay,8,21.38,3.72,38.96,1,67.25,44.5
Ken Rutherford,0,0.0,6.6,0.0,0,10.0,1.4
Kenny Carroll,0,0.0,8.0,0.0,0,6.0,1.0
Keshav Maharaj,15,22.1,4.94,34.95,0,53.4,89.0
Kevin Curran,9,15.67,4.81,19.8,0,50.6,83.8
Kevin Duers,3,19.5,4.96,25.0,0,50.0,50.0
Kevin Hurdle,3,27.83,6.11,29.0,0,46.0,23.0
Kevin O'Brien,13,20.14,6.58,14.53,0,31.81,84.5
Kevin Pietersen,0,0.0,5.08,0.0,0,22.0,11.0
Kevin Sandher,2,29.0,5.8,30.0,0,60.0,10.0
Khaled Mahmud,12,15.35,5.49,22.78,0,45.89,68.5
Khurram Chohan,2,5.5,5.18,7.5,0,42.75,28.3
Khurram Khan,0,0.0,7.38,0.0,0,21.0,7.0
Kieron Pollard,2,14.33,4.88,17.83,0,34.83,34.5
Kirti Azad,1,9.33,2.72,24.0,0,34.0,17.0
Kris Srikkanth,0,0.0,6.92,0.0,0,6.5,2.1
Krishna Chandran,1,14.75,7.01,13.5,0,37.5,25.0
Kuldeep Yadav,21,26.72,4.44,33.36,0,54.06,162.1
Kumar Dharmasena,6,30.67,4.42,41.0,0,56.0,56.0
Kyle Abbott,9,18.31,4.19,24.75,0,46.5,31.0
Kyle Coetzer,0,0.0,7.2,0.0,0,23.5,7.5
Kyle McCallan,10,17.12,4.08,27.25,0,44.0,58.4
Kyle Mills,6,9.25,3.59,15.5,0,40.0,26.4
Lahiru Kumara,3,5.83,8.38,7.0,0,33.0,11.0
Lalith Kaluperuma,1,16.67,3.53,24.0,0,55.33,27.4
Lameck Onyango,1,21.0,7.54,16.0,0,28.0,14.0
Lance Cairns,14,22.29,3.79,35.06,0,62.91,114.8
Lance Gibbs,0,0.0,4.25,0.0,0,24.0,4.0
Lance Klusener,22,19.94,4.92,25.53,1,46.54,100.5
Larry Gomes,9,24.62,4.26,32.62,0,55.5,74.0
Lasith Malinga,56,24.62,5.55,27.01,1,49.79,231.4
Laxman Sivaramakrishnan,1,18.0,4.12,27.0,0,51.0,17.0
Lendl Simmons,0,0.0,12.0,0.0,0,6.0,1.0
Lennie Louw,1,60.0,6.0,60.0,0,60.0,10.0
Liam Livingstone,3,14.67,5.92,19.0,0,29.0,29.0
Liam Plunkett,15,28.18,5.59,29.8,0,47.4,79.0
Lionel Cann,1,17.0,7.25,15.0,0,36.0,12.0
Lizaad Williams,2,28.0,6.46,26.0,0,52.0,8.4
Lockie Ferguson,31,18.86,5.46,23.34,0,51.62,137.4
Logan van Beek,12,21.56,6.5,24.33,0,53.12,70.5
Lonwabo Tsotsobe,3,4.67,2.8,10.0,0,30.0,5.0
Louis Burger,6,13.75,5.58,18.33,0,55.0,55.0
Luke Woodcock,1,24.0,4.5,32.0,0,32.0,5.2
Luke Wright,0,0.0,4.38,0.0,0,24.0,8.0
Lungi Ngidi,17,28.44,6.08,29.79,0,46.75,92.9
Luuk van Troost,1,19.67,9.25,8.0,0,14.0,7.0
Madan Lal,22,25.89,3.54,38.35,0,63.45,115.4
Mahedi Hasan,6,12.58,6.27,11.0,0,48.0,24.0
Maheesh Theekshana,6,23.62,5.38,29.88,0,53.5,71.2
Mahela Jayawardene,2,7.0,6.3,7.5,0,36.0,24.0
Mahmudullah,4,14.18,5.93,16.36,0,27.82,51.0
Majid Haq,7,23.29,5.92,26.14,0,43.57,50.5
Majid Khan,7,9.42,2.46,28.5,0,70.5,47.0
Makhaya Ntini,16,26.0,3.96,33.13,0,53.15,115.1
Malachi Jones,1,74.0,10.57,42.0,0,42.0,7.0
Malcolm Jarvis,7,28.9,4.65,37.9,0,49.9,82.7
Malcolm Marshall,14,9.62,3.19,23.73,0,61.64,113.0
Malinga Bandara,1,53.0,5.48,58.0,0,58.0,9.4
Maninder Singh,14,26.76,4.0,38.57,0,60.0,70.0
Manjula Guruge,7,13.75,4.62,19.12,0,42.75,28.3
Manjurul Islam,8,12.02,4.59,18.6,0,41.5,69.1
Manoj Prabhakar,24,16.85,4.62,22.06,0,48.39,145.1
Mansoor Akhtar,2,12.75,6.0,19.5,0,25.5,17.0
Manzoor Elahi,1,32.0,3.31,58.0,0,58.0,9.4
Marco Jansen,17,26.91,6.51,22.89,0,46.0,68.6
Marcus Stoinis,11,14.61,6.2,12.64,0,25.29,59.0
Mark Burmester,4,19.25,6.62,16.5,0,32.75,21.5
Mark Ealham,10,19.1,3.82,30.0,0,60.0,50.0
Mark Gillespie,0,0.0,8.98,0.0,0,36.5,12.1
Mark Greatbatch,0,0.0,5.0,0.0,0,6.0,1.0
Mark Jonkman,2,5.5,5.04,7.5,0,33.5,11.1
Mark Waugh,5,9.06,5.94,11.64,0,33.82,62.0
Mark Wood,24,23.01,5.83,27.67,0,50.71,143.4
Marlon Samuels,4,18.56,5.29,21.33,0,39.44,59.1
Martin Crowe,1,3.0,6.13,4.8,0,21.6,18.0
Martin Snedden,10,23.56,5.63,25.94,0,54.56,81.5
Martin Stead,0,0.0,5.85,0.0,0,14.5,4.5
Martin Suji,14,16.07,4.66,22.4,0,46.3,154.2
Mashrafe Mortaza,19,13.26,5.47,14.84,0,46.83,186.8
Matheesha Pathirana,2,92.5,9.75,57.0,0,57.0,19.0
Matt Henry,27,22.0,5.26,22.69,0,50.61,151.1
Matt Machan,1,15.33,7.81,8.0,0,26.0,13.0
Maurice Odumbe,18,11.91,5.63,19.0,0,43.81,116.5
Max Sorensen,3,31.33,8.89,26.0,0,48.0,24.0
Max Walker,6,16.08,3.02,31.67,0,68.0,45.2
Mazhar Hussain,0,0.0,7.87,0.0,0,24.0,8.0
Mehidy Hasan Miraz,16,17.24,5.45,22.5,0,52.12,139.0
Mehmood Quaraishy,3,33.25,5.19,39.0,0,54.0,18.0
Merv Hughes,1,49.0,5.44,54.0,0,54.0,9.0
Mervyn Dillon,13,16.17,4.02,26.88,0,51.6,85.6
Mevan Pieris,2,11.33,6.23,11.0,0,44.0,22.0
Meyrick Pringle,8,11.82,4.2,18.43,0,48.86,57.0
Michael Bevan,4,9.55,5.08,11.4,0,30.0,50.0
Michael Clarke,3,5.08,5.2,7.5,0,30.0,30.0
Michael Holding,20,21.46,2.94,43.58,0,63.18,115.5
Michael Leask,0,0.0,15.0,0.0,0,22.0,7.2
Michael Mason,3,14.9,4.94,15.0,0,33.0,27.3
Michael Vaughan,4,9.4,4.5,14.8,0,36.0,30.0
Michael Yardy,2,36.67,6.17,38.0,0,52.0,26.0
Mike Gatting,1,17.5,3.81,24.0,0,36.0,12.0
Mike Hendrick,10,10.42,2.52,25.2,0,67.2,56.0
Mike Whitney,9,17.14,3.32,32.14,0,56.57,66.0
Milinda Siriwardana,0,0.0,8.5,0.0,0,12.0,2.0
Minhajul Abedin,4,26.75,6.2,30.0,0,30.0,20.0
Mirwais Ashraf,2,8.0,3.67,13.5,0,51.5,17.1
Mitchell Johnson,25,16.23,4.69,22.4,0,48.4,120.6
Mitchell Marsh,7,2.01,7.16,2.85,1,19.5,26.0
Mitchell McClenaghan,0,0.0,8.5,0.0,0,48.0,8.0
Mitchell Santner,22,17.65,4.86,23.86,1,50.42,159.4
Mitchell Starc,65,24.65,5.09,27.11,3,52.11,241.9
Moeen Ali,14,18.88,5.64,20.44,0,49.47,123.4
Mohammad Amir,17,23.29,4.86,25.75,1,54.75,73.0
Mohammad Ashraful,2,4.2,8.43,5.4,0,21.4,17.5
Mohammad Azharuddin,5,6.19,5.03,10.52,0,20.43,23.5
Mohammad Hafeez,13,17.74,4.94,23.82,0,35.29,100.0
Mohammad Irfan,8,13.77,4.07,18.2,0,49.2,41.0
Mohammad Kashif,2,14.5,4.14,21.0,0,42.0,7.0
Mohammad Nabi,21,14.01,4.97,19.77,0,44.96,179.1
Mohammad Naveed,8,33.08,6.15,33.0,0,50.33,50.2
Mohammad Nawaz,2,18.6,5.85,19.2,0,45.4,37.5
Mohammad Rafique,12,14.7,5.03,22.62,0,43.56,116.1
Mohammad Saifuddin,13,24.38,7.13,22.57,0,49.71,58.0
Mohammad Sami,4,12.34,2.95,25.0,0,45.0,15.0
Mohammad Sheikh,0,0.0,4.96,0.0,0,21.0,7.0
Mohammad Tauqir,5,15.25,5.75,19.0,0,43.83,43.5
Mohammad Wasim,10,23.08,5.55,24.08,0,57.25,38.1
Mohammad Yousuf,1,0.0,0.0,1.0,0,1.0,0.1
Mohammed Shami,55,14.63,5.02,16.37,4,48.33,144.2
Mohammed Siraj,14,25.44,5.42,27.73,0,45.0,82.3
Mohinder Amarnath,16,25.94,4.36,38.67,0,55.25,110.3
Mohit Sharma,13,26.44,4.89,32.5,0,47.25,63.0
Mohsin Khan,0,0.0,3.0,0.0,0,6.0,1.0
Monde Zondeki,2,13.67,3.96,28.0,0,40.0,20.0
Monty Panesar,7,13.23,5.17,20.5,0,48.0,64.0
Morne Morkel,26,17.2,4.71,21.23,0,46.5,107.9
Mosaddek Hossain,3,5.93,6.77,8.57,0,30.86,36.0
Mudassar Bukhari,5,22.25,5.12,26.0,0,48.0,48.0
Mudassar Nazar,8,11.58,3.87,19.64,0,57.27,105.0
Mujeeb Ur Rahman,15,17.81,5.38,23.06,0,52.38,139.0
Munaf Patel,15,19.09,4.91,24.32,0,50.36,91.8
Mushtaq Ahmed,26,14.25,4.03,20.86,0,57.86,135.0
Mushtaq Mohammad,0,0.0,3.35,0.0,0,21.0,7.0
Mustafizur Rahman,25,24.18,6.33,23.25,2,51.69,137.5
Muthiah Muralidaran,68,17.7,3.85,28.45,0,52.85,342.9
Naeem Islam,4,12.9,4.73,22.8,0,44.4,37.0
Naimur Rahman,2,5.0,4.54,10.2,0,36.0,29.6
Najmul Hossain Shanto,0,0.0,5.0,0.0,0,6.0,1.0
Naseer Malik,5,19.5,3.25,36.0,0,60.0,30.0
Nasir Aziz,1,26.5,6.56,30.0,0,48.0,16.0
Nasir Hossain,4,10.67,5.56,10.0,0,38.0,19.0
Nasum Ahmed,0,0.0,6.74,0.0,0,49.0,24.3
Nathan Astle,11,8.46,5.13,12.28,0,29.17,87.3
Nathan Bracken,16,13.62,3.87,22.65,0,43.0,71.4
Nathan Coulter-Nile,4,29.0,5.9,28.8,0,56.4,47.0
Nathan Lyon,3,15.62,5.87,22.5,0,51.0,34.0
Nathan McCullum,8,12.75,5.05,14.5,0,37.5,50.0
Naved-ul-Hasan,0,0.0,5.44,0.0,0,54.0,9.0
Naveen-ul-Haq,8,18.56,6.61,17.75,0,40.25,53.0
Nawroz Mangal,1,14.0,14.0,6.0,0,6.0,1.0
Neeyamur Rashid,0,0.0,4.0,0.0,0,30.0,5.0
Nehemiah Odhiambo,6,14.21,6.64,15.71,0,39.43,46.0
Neil Foster,9,22.62,4.47,31.43,0,60.0,70.0
Neil Johnson,12,20.14,4.89,25.86,0,42.86,50.0
Neil Smith,4,16.56,3.81,22.33,0,51.0,25.3
Nicholas Ifill,0,0.0,7.83,0.0,0,24.0,12.0
Nicholas de Groot,3,14.5,6.77,12.0,0,27.0,13.3
Nick Dyer,5,27.5,4.45,35.0,0,52.0,26.0
Nicky Boje,1,8.8,7.35,10.8,0,26.4,22.0
Nikhil Chopra,1,33.0,3.3,60.0,0,60.0,10.0
Nikita Miller,1,16.0,5.77,13.0,0,39.0,19.3
Nixon McLean,0,0.0,6.33,0.0,0,36.0,6.0
Noor Ahmad,5,7.96,4.77,11.75,0,57.0,38.0
Norman Cowans,2,15.5,2.58,36.0,0,72.0,12.0
Nuwan Kulasekara,9,11.55,5.24,15.45,0,41.09,75.2
Nuwan Pradeep,5,15.25,5.35,24.5,0,58.0,29.0
Omar Henry,1,31.0,3.1,60.0,0,60.0,10.0
Oshane Thomas,9,21.25,6.09,19.61,0,38.78,57.7
Ottis Gibson,1,9.0,5.09,18.0,0,39.33,19.4
Parbhu Nana,1,11.33,4.7,24.0,0,57.67,28.5
Parth Desai,0,0.0,6.66,0.0,0,18.0,3.0
Pat Cummins,34,21.28,5.36,23.72,0,49.26,187.7
Pat Symcox,6,15.5,3.73,22.5,0,60.0,40.0
Patrick Patterson,15,21.05,4.26,31.43,0,56.57,66.0
Paul Adams,3,32.25,4.91,42.0,0,54.0,18.0
Paul Allott,8,37.24,4.15,52.62,0,69.0,79.9
Paul Collingwood,8,17.82,5.11,20.79,0,36.43,85.0
Paul Hoffmann,1,19.0,6.4,20.0,0,34.0,17.0
Paul Mooney,0,0.0,11.42,0.0,0,21.0,3.3
Paul Reiffel,12,28.39,4.46,37.0,0,50.73,93.0
Paul Stirling,6,10.75,5.49,15.0,0,40.08,80.1
Paul Strang,15,12.25,4.73,16.26,1,47.27,86.0
Paul van Meekeren,12,31.25,5.97,29.89,0,49.56,74.2
Paul-Jan Bakker,3,14.3,4.84,15.6,0,51.6,43.0
Pedro Collins,2,29.67,5.73,32.0,0,52.0,26.0
Pervez Mir,2,29.5,3.75,45.0,0,45.0,15.0
Peter Borren,4,40.4,6.54,37.2,0,43.2,36.0
Peter Cantrell,3,22.8,5.66,21.6,0,37.2,31.0
Peter Kirsten,5,14.33,5.83,20.5,0,27.0,18.0
Peter Lever,5,15.92,2.71,39.0,0,54.0,36.0
Peter Martin,6,13.8,4.64,17.2,0,52.8,44.0
Peter Ongondo,9,17.07,5.19,21.43,0,39.57,92.2
Peter Rawson,12,14.47,4.55,18.35,0,57.1,95.1
Peter Taylor,6,12.75,4.76,16.38,0,35.75,47.4
Phil DeFreitas,29,21.14,4.2,33.95,0,51.23,187.1
Phil Edmonds,3,15.0,2.75,34.0,0,52.0,26.0
Phil Simmons,8,23.19,3.42,34.12,0,44.25,59.0
Phil Tufnell,3,17.5,4.9,21.0,0,42.0,28.0
Pieter Seelaar,8,23.61,5.13,26.33,0,59.67,59.4
Piyush Chawla,4,19.67,6.27,20.0,0,56.0,28.0
Pommie Mbangwa,2,4.67,4.04,7.0,0,46.0,23.0
Prabath Nissanka,4,0.75,4.6,2.62,0,37.5,25.0
Pramodya Wickramasinghe,16,14.6,4.64,20.56,0,51.06,136.1
Prosper Utseya,6,19.56,4.26,26.33,0,50.0,75.0
Pulasthi Gunaratne,4,4.75,5.97,6.0,0,38.0,38.0
Rachin Ravindra,5,18.5,6.24,19.22,0,43.78,65.4
Rahat Ali,7,20.87,4.53,33.2,0,52.8,44.0
Rahmat Shah,1,4.4,7.42,6.0,0,16.8,14.0
Rajab Ali,10,7.0,4.75,13.45,0,41.33,41.2
Ramesh Sethi,1,17.0,4.97,20.0,0,40.0,20.0
Ramnaresh Sarwan,2,9.5,5.59,12.0,0,19.5,13.0
Rangana Herath,6,23.86,4.46,33.29,0,54.71,63.5
Ranjan Gunatilleke,0,0.0,3.77,0.0,0,54.0,9.0
Rashid Khan,25,21.33,4.73,29.94,0,57.33,228.8
Ravi Bopara,6,6.86,4.56,11.0,0,31.43,36.4
Ravi Rampaul,5,5.1,5.35,6.0,1,45.0,15.0
Ravi Ratnayeke,10,26.7,5.85,26.33,0,54.0,54.0
Ravi Shastri,12,23.1,4.85,35.53,0,46.25,92.3
Ravichandran Ashwin,18,28.67,4.29,37.0,0,58.36,107.0
Ravindra Jadeja,27,16.97,4.65,23.78,1,51.48,179.3
Ravindra Pushpakumara,1,26.5,6.6,24.0,0,45.0,15.0
Ray Price,9,19.14,3.36,29.17,0,49.0,49.0
Reece Topley,8,30.69,6.71,28.56,0,55.33,27.0
Reon King,8,14.0,3.65,28.62,0,47.25,31.3
Ricardo Powell,1,2.67,8.33,8.0,0,14.0,7.0
Richard Collinge,6,13.46,2.85,33.0,0,72.0,48.0
Richard Hadlee,22,24.8,2.86,47.25,1,67.46,146.1
Richard Illingworth,12,27.4,4.32,37.83,0,58.9,98.1
Richard Snell,8,17.33,4.49,19.41,0,48.56,72.5
Richie Berrington,7,17.12,6.65,15.88,0,34.75,23.1
Richie Richardson,0,0.0,6.0,0.0,0,24.0,4.0
Rilee Rossouw,0,0.0,6.5,0.0,0,12.0,2.0
Rizwan Cheema,6,21.58,6.79,24.5,0,40.83,40.5
Rob Taylor,2,25.0,5.72,30.0,0,38.0,19.0
Robert Callender,1,7.0,3.17,18.0,0,27.0,9.0
Robert Croft,1,16.0,4.85,30.0,0,36.0,12.0
Robert Kennedy,4,23.33,4.44,32.0,0,42.0,21.0
Robin Peterson,16,14.6,4.24,18.05,0,44.4,74.0
Robin Singh,8,9.12,5.09,9.4,1,32.5,32.3
Rod Latham,1,5.0,7.24,6.86,0,19.71,23.0
Rodney Hogg,10,21.08,4.43,39.75,0,58.5,78.0
Roelof van der Merwe,6,15.62,5.86,18.0,0,42.0,56.0
Roger Binny,19,24.94,4.07,37.33,0,63.33,95.0
Roger Harper,18,26.2,3.87,40.0,0,56.57,132.0
Roger Twose,0,0.0,6.55,0.0,0,26.0,13.0
Rohan Mustafa,0,0.0,8.17,0.0,0,24.0,12.0
Rohit Sharma,1,3.5,7.7,2.5,0,11.5,3.5
Roland Lefebvre,7,18.78,3.59,32.0,0,50.0,75.0
Ronnie Irani,3,5.0,4.21,8.0,0,42.0,14.0
Rubel Hossain,14,24.35,6.28,27.3,0,45.93,106.7
Rudi van Vuuren,8,19.62,5.96,20.4,1,60.0,50.0
Rumesh Ratnayake,12,35.44,5.09,41.0,0,59.33,89.0
Russel Arnold,6,4.74,5.38,5.33,0,22.44,33.4
Ruwan Kalpage,4,15.92,5.12,23.0,0,50.0,50.0
Ryan Klein,0,0.0,5.85,0.0,0,42.0,7.0
Ryan ten Doeschate,9,24.5,6.44,21.56,0,48.0,72.0
Sabbir Rahman,1,9.4,6.14,8.4,0,19.2,16.0
Sachin Tendulkar,8,5.76,5.06,7.92,0,28.8,120.0
Sachithra Senanayake,0,0.0,6.55,0.0,0,54.0,9.0
Sadiq Mohammad,2,10.0,3.33,18.0,0,36.0,6.0
Saeed Ajmal,5,20.67,3.51,34.0,0,52.0,26.0
Saeed Anwar,1,15.0,3.75,24.0,0,24.0,4.0
Saeed-al-Saffar,0,0.0,8.33,0.0,0,18.0,3.0
Sajid Mahmood,8,10.08,5.85,14.03,0,48.0,47.599999999999994
Saleem Jaffar,5,6.2,5.7,9.8,0,47.6,39.4
Saleem Malik,4,5.79,5.01,6.75,0,28.0,56.0
Saleem Mukuddem,5,15.66,4.4,20.0,0,45.0,15.0
Saleem Raza,1,12.0,4.9,13.5,0,33.0,22.0
Salil Ankola,0,0.0,5.6,0.0,0,30.0,5.0
Salman Agha,0,0.0,9.41,0.0,0,15.0,5.0
Sam Curran,2,31.33,8.58,26.67,0,34.67,17.2
Samiullah Shinwari,0,0.0,5.39,0.0,0,25.17,25.1
Sanath Jayasuriya,27,15.73,5.25,20.94,0,42.42,218.3
Sandeep Patil,0,0.0,7.17,0.0,0,27.0,9.0
Sanjayan Thuraisingam,4,27.5,6.4,27.33,0,37.33,18.4
Sanuar Hossain,5,7.33,6.0,12.5,0,36.0,24.0
Saqib Zulfiqar,1,12.5,7.92,9.0,0,15.0,5.0
Saqlain Mushtaq,23,18.59,4.26,25.86,1,48.14,111.8
Sarel Burger,0,0.0,6.17,0.0,0,33.0,11.0
Sarfraz Nawaz,16,24.18,3.62,33.5,0,64.91,118.6
Sayed Shirzad,1,56.0,7.0,48.0,0,48.0,8.0
Scott Styris,17,13.39,5.11,18.1,0,34.38,119.8
Sean Abbott,2,30.5,6.1,30.0,0,60.0,10.0
Sean Ervine,3,29.0,7.22,24.0,0,24.0,12.0
Sean Williams,9,11.95,5.68,13.09,0,38.73,71.0
Seekkuge Prasanna,1,38.5,7.41,30.0,0,54.0,18.0
Shadab Khan,11,24.06,5.94,26.64,0,52.36,96.0
Shafiuddin Ahmed,1,26.0,3.25,48.0,0,48.0,8.0
Shafiul Islam,6,19.54,5.62,17.0,0,39.33,39.2
Shahadat Hossain,0,0.0,5.66,0.0,0,54.0,9.0
Shaheen Shah Afridi,34,26.03,5.58,26.87,2,54.93,128.1
Shahid Afridi,30,10.79,4.77,14.95,2,46.0,183.6
Shahid Mahboob,4,37.0,4.39,49.2,0,62.4,52.0
Shahzad Altaf,1,7.5,4.42,30.0,0,39.0,13.0
Shaiman Anwar,0,0.0,6.0,0.0,0,4.0,0.4
Shakib Al Hasan,43,23.86,5.49,28.47,1,50.22,300.0
Shane Bond,30,16.15,3.48,24.65,1,55.38,147.4
Shane Lee,1,6.25,4.46,9.0,0,28.5,19.0
Shane Thomson,5,22.93,4.81,25.6,0,51.0,42.3
Shane Warne,32,18.36,3.93,30.01,0,57.47,162.5
Shane Watson,9,16.05,4.91,16.45,0,32.85,108.9
Shannon Gabriel,2,8.17,8.46,7.0,0,41.0,20.3
Shapoor Zadran,10,26.17,5.18,31.0,0,51.0,51.0
Shardul Thakur,2,30.0,5.9,30.0,0,34.0,17.0
Shariz Ahmad,0,0.0,6.5,0.0,0,12.0,2.0
Shaukat Dukanwala,6,12.95,4.64,18.0,1,49.5,33.0
Shaun Pollock,31,13.47,3.49,25.62,1,52.06,268.6
Shaun Tait,34,19.88,5.44,21.81,0,45.5,136.3
Sheldon Cottrell,12,18.11,5.67,18.67,0,44.67,67.0
Shem Ngoche,1,23.0,7.17,30.0,0,42.0,14.0
Shingi Masakadza,0,0.0,7.33,0.0,0,36.0,6.0
Shivnarine Chanderpaul,0,0.0,3.0,0.0,0,12.0,2.0
Shoaib Akhtar,30,26.09,5.07,28.03,0,49.61,148.5
Shoaib Malik,2,3.8,7.17,4.8,0,15.6,13.0
Shoriful Islam,10,21.12,6.28,18.94,0,48.5,64.0
Shubman Gill,0,0.0,5.5,0.0,0,12.0,2.0
Sidath Wettimuny,0,0.0,4.75,0.0,0,9.0,3.0
Sikandar Raza,2,11.83,4.94,15.0,0,40.0,40.0
Sikander Bakht,7,10.0,2.81,29.5,0,61.5,41.0
Simon O'Donnell,9,20.54,4.42,28.64,0,52.0,60.4
Sohaib Maqsood,1,8.0,5.6,15.0,0,18.0,6.0
Sohail Khan,12,32.29,6.02,29.43,1,53.0,61.5
Sohrawordi Shuvo,1,33.0,3.3,60.0,0,60.0,10.0
Solomon Mire,2,4.88,7.46,6.0,0,30.0,20.0
Somachandra De Silva,10,16.2,4.59,24.36,0,60.0,110.0
Soumya Sarkar,4,13.08,5.46,13.0,0,31.5,21.0
Sourav Ganguly,10,8.26,4.91,10.31,0,28.62,62.0
Sreesanth,0,0.0,8.55,0.0,0,39.0,13.0
Sridharan Jeganathan,4,33.5,4.27,48.0,0,58.0,29.0
Srinivas Venkataraghavan,0,0.0,3.01,0.0,0,72.0,72.0
Stanley De Silva,2,9.0,2.62,18.0,0,60.0,20.0
Stephen Boock,4,10.62,5.04,14.0,0,49.0,32.4
Stephen Fleming,1,8.0,4.0,12.0,0,12.0,2.0
Stephen Peall,1,5.75,5.2,15.0,0,34.5,23.0
Steve Elworthy,10,13.94,3.72,25.5,0,54.0,72.0
Steve Tikolo,15,14.72,5.66,17.6,0,33.71,95.3
Steve Waugh,27,15.65,4.7,20.48,0,39.96,172.3
Steven Finn,8,5.72,10.31,7.5,1,43.5,29.0
Steven Lubbers,5,26.25,5.22,33.0,0,54.0,36.0
Steven Smith,2,5.56,7.16,7.33,0,22.0,33.0
Stuart Broad,10,13.93,5.79,17.8,0,47.4,78.6
Stuart Clark,1,19.0,2.37,48.0,0,48.0,8.0
Stuart Law,0,0.0,4.92,0.0,0,15.0,5.0
Stuart Matsikenyeri,0,0.0,6.25,0.0,0,9.0,3.0
Stuart Thompson,3,40.75,6.7,39.0,0,48.0,16.0
Subroto Banerjee,1,22.5,6.54,21.0,0,39.0,13.0
Sudath Pasqual,0,0.0,4.28,0.0,0,28.0,4.4
Sulieman Benn,14,10.84,5.49,14.08,0,51.22,76.5
Sultan Zarawani,4,26.7,5.82,27.6,0,44.4,37.0
Sunil Dhaniram,4,15.89,5.62,24.67,0,54.0,27.0
Suraj Randiv,0,0.0,4.77,0.0,0,54.0,9.0
Suranga Lakmal,7,20.64,6.36,18.57,0,44.29,51.4
Suresh Raina,2,10.4,4.8,14.4,0,20.4,17.0
Suryakumar Yadav,0,0.0,8.5,0.0,0,12.0,2.0
Syed Abid Ali,6,19.17,3.19,36.0,0,72.0,36.0
Syed Rasel,8,25.0,3.75,36.0,0,53.14,62.0
Tabraiz Shamsi,9,21.17,5.86,21.42,0,55.83,55.5
Tafadzwa Kamungozi,1,11.33,7.29,16.0,0,42.0,21.0
Tahir Naqqash,1,49.0,6.12,48.0,0,48.0,8.0
Taijul Islam,0,0.0,5.8,0.0,0,60.0,10.0
Talha Jubair,0,0.0,8.88,0.0,0,30.0,10.0
Tanzim Hasan Sakib,3,26.67,8.0,20.0,0,60.0,10.0
Tapash Baisya,2,9.6,7.55,13.2,0,29.8,24.5
Taskin Ahmed,14,18.64,5.89,20.15,0,48.92,106.0
Tauseef Ahmed,5,34.5,3.83,50.0,0,60.0,60.0
Tawanda Mupariwa,3,25.4,5.13,32.4,0,56.4,47.0
Tendai Chatara,10,19.5,5.74,20.0,0,59.67,59.4
Tertius Bosch,0,0.0,7.6,0.0,0,15.0,2.3
Tharindu Kaushal,0,0.0,4.16,0.0,0,36.0,6.0
Thilan Samaraweera,1,4.0,2.0,12.0,0,12.0,2.0
Thisara Perera,14,23.28,6.09,23.19,0,42.31,112.5
Thomas Odoyo,23,15.14,4.85,20.29,0,42.25,169.0
Tillakaratne Dilshan,18,12.2,4.66,16.52,0,27.59,100.7
Tim Bresnan,9,26.37,4.93,34.29,1,54.0,63.0
Tim May,4,4.92,5.18,9.0,0,44.0,44.0
Tim Southee,41,23.88,5.64,25.24,1,53.27,195.2
Tim de Leede,14,11.7,6.35,13.48,0,38.93,90.5
Tinashe Panyangara,5,31.31,7.32,24.25,0,50.38,66.7
Tito Odumbe,4,4.2,5.57,4.7,0,20.2,16.5
Tom Cooper,4,5.33,6.21,7.17,0,27.33,27.2
Tom Hogan,6,32.88,3.64,52.5,0,70.5,47.0
Tom Moody,14,10.97,4.74,16.44,0,38.25,102.0
Tony Greig,6,6.75,2.81,16.0,0,62.0,31.0
Tony Opatha,5,8.77,4.27,11.27,0,50.6,42.1
Tony Suji,1,6.43,5.72,6.0,0,27.43,32.0
Travis Friend,0,0.0,6.5,0.0,0,12.0,2.0
Travis Head,2,2.1,4.46,3.0,0,25.2,21.0
Trent Boult,53,26.05,4.92,30.93,1,56.9,275.0
Trent Johnston,16,35.08,5.18,39.17,0,46.83,93.4
Trevor Chappell,4,33.34,5.01,41.34,0,59.0,19.0
Trevor Laughlin,2,19.0,4.14,27.5,0,55.0,9.1
Tyson Gordon,0,0.0,2.0,0.0,0,3.0,0.3
Umar Bhatti,1,14.67,4.88,18.0,0,44.67,21.8
Umar Gul,18,14.15,3.96,22.11,0,45.55,82.9
Umesh Yadav,18,15.95,5.18,18.77,0,48.25,63.8
Upul Chandana,0,0.0,8.36,0.0,0,24.0,8.0
Usama Mir,4,42.62,7.05,34.5,0,52.5,35.0
Vanburn Holder,5,10.75,3.21,21.17,0,47.5,31.4
Vasbert Drakes,16,17.57,4.04,26.97,2,51.83,51.5
Venkatapathy Raju,13,22.6,4.56,35.0,0,52.9,88.1
Venkatesh Prasad,17,20.89,4.49,26.67,1,55.64,129.5
Vernon Philander,4,8.0,4.75,12.38,0,42.75,28.3
Vic Marks,13,17.97,3.14,35.49,1,66.86,78.0
Vijay Shankar,2,11.0,4.12,16.0,0,32.0,5.2
Vikramjit Singh,0,0.0,7.92,0.0,0,14.0,7.0
Vince Hogg,0,0.0,3.13,0.0,0,45.0,15.0
Vinothen John,4,19.55,4.89,22.0,0,54.18,99.2
Virat Kohli,1,2.6,5.47,3.6,0,7.8,6.3
Virender Sehwag,4,2.83,3.7,5.0,0,21.33,32.0
Viv Richards,10,6.64,4.64,9.29,0,35.57,83.0
Wahab Riaz,35,25.58,5.63,27.98,1,50.0,165.6
Waqar Younis,22,24.24,4.98,29.59,0,50.82,92.7
Warren Stott,3,16.0,4.0,24.0,0,72.0,12.0
Wasim Akram,55,14.01,4.0,21.53,1,54.08,323.1
Wasim Haider,1,12.0,3.28,20.0,0,38.0,19.0
Wasim Raja,1,1.4,5.13,8.4,0,16.4,13.4
Wavell Hinds,7,13.79,4.7,16.75,0,29.75,19.5
Wayne Daniel,3,3.11,5.51,6.0,0,48.0,24.0
Wayne Larkins,0,0.0,10.5,0.0,0,12.0,2.0
Wayne Parnell,1,42.5,5.22,27.0,0,39.0,13.0
Willie Watson,19,27.92,4.4,36.57,0,56.57,132.0
Winston Benjamin,14,17.92,4.11,26.0,0,56.77,122.2
Winston Davis,8,12.86,3.66,16.2,1,65.4,54.3
Xavier Doherty,0,0.0,8.57,0.0,0,42.0,7.0
Yasir Shah,0,0.0,7.5,0.0,0,48.0,8.0
Younis Khan,0,0.0,5.5,0.0,0,21.0,7.0
Yusuf Pathan,1,8.17,4.92,8.0,0,35.0,35.0
Yuvraj Singh,20,11.16,4.99,13.12,1,39.64,92.3
Yuzvendra Chahal,12,24.28,6.02,27.0,0,55.5,74.0
Zaheer Abbas,2,6.8,3.77,13.2,0,23.6,19.4
Zaheer Khan,44,16.8,4.52,24.41,0,51.87,197.3
Zulfiqar Ali,4,30.67,4.69,32.0,0,70.0,35.0
